-- MySQL dump 10.13  Distrib 8.0.17, for Win64 (x86_64)
--
-- Host: localhost    Database: mlb_dw
-- ------------------------------------------------------
-- Server version	8.0.17

create schema mlb_dw;
use mlb_dw;

/*!40101 SET @OLD_CHARACTER_SET_CLIENT=@@CHARACTER_SET_CLIENT */;
/*!40101 SET @OLD_CHARACTER_SET_RESULTS=@@CHARACTER_SET_RESULTS */;
/*!40101 SET @OLD_COLLATION_CONNECTION=@@COLLATION_CONNECTION */;
/*!50503 SET NAMES utf8 */;
/*!40103 SET @OLD_TIME_ZONE=@@TIME_ZONE */;
/*!40103 SET TIME_ZONE='+00:00' */;
/*!40014 SET @OLD_UNIQUE_CHECKS=@@UNIQUE_CHECKS, UNIQUE_CHECKS=0 */;
/*!40014 SET @OLD_FOREIGN_KEY_CHECKS=@@FOREIGN_KEY_CHECKS, FOREIGN_KEY_CHECKS=0 */;
/*!40101 SET @OLD_SQL_MODE=@@SQL_MODE, SQL_MODE='NO_AUTO_VALUE_ON_ZERO' */;
/*!40111 SET @OLD_SQL_NOTES=@@SQL_NOTES, SQL_NOTES=0 */;

--
-- Table structure for table `dim_address`
--

DROP TABLE IF EXISTS `dim_address`;
/*!40101 SET @saved_cs_client     = @@character_set_client */;
/*!50503 SET character_set_client = utf8mb4 */;
CREATE TABLE `dim_address` (
  `AddressKey` int(11) NOT NULL,
  `Team` varchar(254) CHARACTER SET utf8 COLLATE utf8_general_ci DEFAULT NULL,
  `Park Name` varchar(254) CHARACTER SET utf8 COLLATE utf8_general_ci DEFAULT NULL,
  `Street` varchar(254) CHARACTER SET utf8 COLLATE utf8_general_ci DEFAULT NULL,
  `City` varchar(254) CHARACTER SET utf8 COLLATE utf8_general_ci DEFAULT NULL,
  `State` varchar(254) CHARACTER SET utf8 COLLATE utf8_general_ci DEFAULT NULL,
  `Zip` char(254) DEFAULT NULL,
  PRIMARY KEY (`AddressKey`)
) ENGINE=InnoDB DEFAULT CHARSET=utf8mb4 COLLATE=utf8mb4_0900_ai_ci;
/*!40101 SET character_set_client = @saved_cs_client */;

--
-- Dumping data for table `dim_address`
--

LOCK TABLES `dim_address` WRITE;
/*!40000 ALTER TABLE `dim_address` DISABLE KEYS */;
INSERT INTO `dim_address` VALUES (1,'ARI','Chase Field','401 East Jefferson Street','Phoenix','AZ','85004'),(2,'ATL','SunTrust Park','755 Battery Avenue','Atlanta','GA','30339'),(3,'BAL','Oriole Park','333 West Camden Street','Baltimore','MD','21201'),(4,'BOS','Fenway Park','4 Jersey Street','Boston','MA','02215'),(5,'CHC','Wrigley Field','1060 West Addison','Chicago','IL','60613'),(6,'CHW','Guaranteed Rate Field','333 West 35th Street','Chicago','IL','60616'),(7,'CIN','Great American Ball Park','100 Main Street','Cincinnati','OH','45202'),(8,'CLE','Progressive Field','2401 Ontario Street','Cleveland','OH','44115'),(9,'COL','Coors Field','2001 Blake Street','Denver','CO','80205'),(10,'DET','Comerica Park','2100 Woodward Avenue','Detroit','MI','48201'),(11,'HOU','Minute Maid Park','501 Crawford Street','Houston','TX','77002'),(12,'KCR','Kauffman Stadium','One Royal Way','Kansas City','MO','64129'),(13,'LAA','Angel Stadium','2000 Gene Autry Way','Anaheim','CA','92806'),(14,'LAD','Dodger Stadium','1000 Vin Scully Avenue','Los Angeles','CA','90012'),(15,'MIA','Marlins Park','501 Marlins Way','Miami','FL','33125'),(16,'MIL','Miller Park','One Brewers Way','Milwaukee','WI','53214'),(17,'MIN','Target Field','1 Twins Way','Minneapolis','MN','55403'),(18,'NYM','Citi Field','120-01 Roosevelt Avenue','Corona','NY','11368'),(19,'NYY','Yankee Stadium','One East 161st Street','Bronx','NY','10451'),(20,'OAK','Oakland Coliseum','7000 Coliseum Way','Oakland','CA','94621'),(21,'PHI','Citizens Bank Park','One Citizens Bank Way','Philadelphia','PA','19148'),(22,'PIT','PNC Park','115 Federal Street','Pittsburgh','PA','15212'),(23,'SDP','Petco Park','100 Park Boulevard','San Diego','CA','92101'),(24,'SEA','T-Mobile Park','P.O. Box 4100','Seattle','WA','98104'),(25,'SFG','Oracle Park','24 Willie Mays Plaza','San Francisco','CA','94107'),(26,'STL','Busch Stadium','700 Clark Street','St. Louis','MO','63102'),(27,'TBR','Tropicana Field','One Tropicana Drive','St. Petersburg','FL','33705'),(28,'TEX','Globe Life Park in Arlington','1000 Ballpark Way','Arlington','TX','76011'),(29,'TOR','Rogers Centre','1 Blue Jays Way, Suite 3200','Toronto','Ontario, CAN','M5V1J1'),(30,'WSN','Nationals Park','1500 South Capitol Street, SE','Washington','DC','20003');
/*!40000 ALTER TABLE `dim_address` ENABLE KEYS */;
UNLOCK TABLES;

--
-- Table structure for table `dim_calendar`
--

DROP TABLE IF EXISTS `dim_calendar`;
/*!40101 SET @saved_cs_client     = @@character_set_client */;
/*!50503 SET character_set_client = utf8mb4 */;
CREATE TABLE `dim_calendar` (
  `CalendarKey` int(11) NOT NULL,
  `Year` bigint(20) DEFAULT NULL,
  PRIMARY KEY (`CalendarKey`)
) ENGINE=InnoDB DEFAULT CHARSET=utf8mb4 COLLATE=utf8mb4_0900_ai_ci;
/*!40101 SET character_set_client = @saved_cs_client */;

--
-- Dumping data for table `dim_calendar`
--

LOCK TABLES `dim_calendar` WRITE;
/*!40000 ALTER TABLE `dim_calendar` DISABLE KEYS */;
INSERT INTO `dim_calendar` VALUES (1,2001),(2,2002),(3,2003),(4,2004),(5,2005),(6,2006),(7,2007),(8,2008),(9,2009),(10,2010),(11,2011),(12,2012),(13,2013),(14,2014),(15,2015),(16,2016),(17,2017),(18,2018),(19,2019);
/*!40000 ALTER TABLE `dim_calendar` ENABLE KEYS */;
UNLOCK TABLES;

--
-- Table structure for table `dim_team`
--

DROP TABLE IF EXISTS `dim_team`;
/*!40101 SET @saved_cs_client     = @@character_set_client */;
/*!50503 SET character_set_client = utf8mb4 */;
CREATE TABLE `dim_team` (
  `TeamKey` int(11) NOT NULL,
  `Team` varchar(254) CHARACTER SET utf8 COLLATE utf8_general_ci DEFAULT NULL,
  `TeamCity` varchar(254) CHARACTER SET utf8 COLLATE utf8_general_ci DEFAULT NULL,
  `TeamMascot` varchar(254) CHARACTER SET utf8 COLLATE utf8_general_ci DEFAULT NULL,
  `Phone` varchar(254) CHARACTER SET utf8 COLLATE utf8_general_ci DEFAULT NULL,
  `Website1` varchar(254) CHARACTER SET utf8 COLLATE utf8_general_ci DEFAULT NULL,
  `Website2` varchar(254) CHARACTER SET utf8 COLLATE utf8_general_ci DEFAULT NULL,
  PRIMARY KEY (`TeamKey`)
) ENGINE=InnoDB DEFAULT CHARSET=utf8mb4 COLLATE=utf8mb4_0900_ai_ci;
/*!40101 SET character_set_client = @saved_cs_client */;

--
-- Dumping data for table `dim_team`
--

LOCK TABLES `dim_team` WRITE;
/*!40000 ALTER TABLE `dim_team` DISABLE KEYS */;
INSERT INTO `dim_team` VALUES (1,'ARI','Arizona','Diamondbacks','6024626500','dbacks.com','losdbacks.com'),(2,'ATL','Atlanta','Braves','4046142300','braves.com','losbravosbeisbol.com'),(3,'BAL','Baltimore','Orioles','4106859800','orioles.com',NULL),(4,'BOS','Boston','Red Sox','6172679440','redsox.com','losredsox.com'),(5,'CHC','Chicago','Cubs','7734042827','cubs.com','loscubs.com'),(6,'CHW','Chicago','White Sox','3126741000','whitesox.com','loswhitesox.com'),(7,'CIN','Cincinnati','Reds','5137657000','reds.com',NULL),(8,'CLE','Cleveland','Indians','2164204200','indians.com',NULL),(9,'COL','Colorado','Rockies','3032920200','Rockies.com',NULL),(10,'DET','Detroit','Tigers','3134712000','tigers.com',NULL),(11,'HOU','Houston','Astros','7132598000','astros.com','astrosdehouston.com'),(12,'KCR','Kansas City','Royals','8169218000','royals.com','losreales.com'),(13,'LAA','Los Angeles','Angels','7149402000','angels.com','angelsbeisbol.com'),(14,'LAD','Los Angeles','Dodgers','866DODGERS','dodgers.com','losdodgers.com'),(15,'MIA','Miami','Marlins','3054801300','marlins.com','marlinsbeisbol.com'),(16,'MIL','Milwaukee','Brewers','4149024400','brewers.com',NULL),(17,'MIN','Minnesota','Twins','6126593400','twinsbaseball.com',NULL),(18,'NYM','New York','Mets','7185076387','mets.com','losmets.com'),(19,'NYY','New York','Yankees','7182934300','yankees.com','yankeesbeisbol.com'),(20,'OAK','Oakland','Athletics','5106384900','athletics.com','losathleticos.com'),(21,'PHI','Philadelphia','Phillies','2154636000','phillies.com',NULL),(22,'PIT','Pittsburgh','Pirates','4123235000','pirates.com',NULL),(23,'SDP','San Diego','Padres','6197955000','padres.com','padresbeisbol.com'),(24,'SEA','Seattle','Mariners','2063464000','Mariners.com','losmarineros.com'),(25,'SFG','San Francisco','Giants','4159722000','SFGiants.com','sfgigantes.com'),(26,'STL','St Louis','Cardinals','3143459600','cardinals.com',NULL),(27,'TBR','Tampa Bay','Rays','7278253137','raysbaseball.com','raysbeisbol.com'),(28,'TEX','Texas','Rangers','8172735222','texasrangers.com',NULL),(29,'TOR','Toronto','Blue Jays','4163411000','bluejays.com',NULL),(30,'WSN','Washington','Nationals','2026756287','nationals.com','losnacionales.com');
/*!40000 ALTER TABLE `dim_team` ENABLE KEYS */;
UNLOCK TABLES;

--
-- Table structure for table `mlb_facttable`
--

DROP TABLE IF EXISTS `mlb_facttable`;
/*!40101 SET @saved_cs_client     = @@character_set_client */;
/*!50503 SET character_set_client = utf8mb4 */;
CREATE TABLE `mlb_facttable` (
  `CalendarKey` int(11) NOT NULL,
  `TeamKey` int(11) NOT NULL,
  `AddressKey` int(11) NOT NULL,
  `HomeGms` bigint(20) DEFAULT NULL,
  `TotalHomeAttendance` bigint(20) DEFAULT NULL,
  `AvgHomeAttendance` text CHARACTER SET utf8 COLLATE utf8_general_ci,
  `GP` tinyint(3) unsigned DEFAULT NULL,
  `Wins` bigint(20) DEFAULT NULL,
  `AB` smallint(6) DEFAULT NULL,
  `R` smallint(6) DEFAULT NULL,
  `HR` smallint(6) DEFAULT NULL,
  `RBI` smallint(6) DEFAULT NULL,
  `AVG` double DEFAULT NULL,
  `OBP` double DEFAULT NULL,
  `SLG` double DEFAULT NULL,
  `OPS` double DEFAULT NULL,
  PRIMARY KEY (`CalendarKey`,`TeamKey`,`AddressKey`)
) ENGINE=InnoDB DEFAULT CHARSET=utf8mb4 COLLATE=utf8mb4_0900_ai_ci;
/*!40101 SET character_set_client = @saved_cs_client */;

--
-- Dumping data for table `mlb_facttable`
--

LOCK TABLES `mlb_facttable` WRITE;
/*!40000 ALTER TABLE `mlb_facttable` DISABLE KEYS */;
INSERT INTO `mlb_facttable` VALUES (1,1,1,81,2744433,'33882',162,92,5595,818,208,776,0.267,0.341,0.442,0.783),(1,2,2,81,2823494,'34858',162,88,5498,729,174,696,0.26,0.324,0.412,0.736),(1,3,3,80,3094841,'38686',162,63,5472,687,136,663,0.248,0.319,0.38,0.699),(1,4,4,81,2625333,'32412',161,82,5605,772,198,739,0.266,0.334,0.439,0.773),(1,5,5,79,2779454,'35182',162,88,5406,777,194,748,0.261,0.336,0.43,0.766),(1,6,6,80,1766142,'22076',162,83,5464,798,214,770,0.268,0.334,0.451,0.785),(1,7,7,79,1879872,'23796',162,66,5583,735,176,690,0.262,0.324,0.419,0.744),(1,8,8,80,3175523,'39694',162,91,5600,897,212,868,0.278,0.35,0.458,0.807),(1,9,9,81,3160115,'39014',162,73,5690,923,213,874,0.292,0.354,0.483,0.837),(1,10,10,80,1921305,'24016',162,66,5537,724,139,691,0.26,0.32,0.409,0.73),(1,11,11,81,2904280,'35856',162,93,5528,847,208,805,0.271,0.347,0.451,0.798),(1,12,12,81,1536371,'18968',162,65,5643,729,152,691,0.266,0.318,0.409,0.727),(1,13,13,81,2000919,'24702',162,75,5551,691,158,662,0.261,0.327,0.405,0.732),(1,14,14,81,3017502,'37254',162,86,5493,758,206,714,0.255,0.323,0.425,0.748),(1,15,15,80,1261220,'15766',162,76,5542,742,166,713,0.264,0.326,0.423,0.749),(1,16,16,81,2811041,'34704',162,68,5488,740,209,712,0.251,0.319,0.426,0.745),(1,17,17,80,1782926,'22286',162,85,5560,771,164,717,0.272,0.337,0.433,0.77),(1,18,18,81,2658279,'32818',162,82,5459,642,147,608,0.249,0.323,0.387,0.71),(1,19,19,80,3264777,'40810',161,95,5577,804,203,774,0.267,0.334,0.435,0.769),(1,20,20,81,2133277,'26336',162,102,5573,884,199,835,0.264,0.345,0.439,0.784),(1,21,21,78,1782054,'22846',162,86,5497,746,164,708,0.26,0.329,0.414,0.743),(1,22,22,79,2436290,'30840',162,62,5398,657,161,618,0.247,0.313,0.393,0.706),(1,23,23,80,2378116,'29726',162,79,5482,789,161,753,0.252,0.336,0.399,0.735),(1,24,24,81,3507507,'43302',162,116,5680,927,169,881,0.288,0.36,0.445,0.805),(1,25,25,81,3307686,'40836',162,90,5612,799,235,775,0.266,0.342,0.46,0.802),(1,26,26,81,3113091,'38434',162,93,5450,814,199,768,0.27,0.339,0.441,0.78),(1,27,27,81,1298365,'16030',162,62,5524,672,121,645,0.258,0.32,0.388,0.707),(1,28,28,81,2831111,'34952',162,73,5685,890,246,844,0.275,0.344,0.471,0.815),(1,29,29,81,1915438,'23648',162,80,5663,767,195,728,0.263,0.325,0.43,0.755),(1,30,30,81,619451,'7648',162,68,5379,670,131,622,0.253,0.319,0.396,0.715),(2,1,1,81,3200725,'39516',162,98,5508,819,165,783,0.267,0.346,0.423,0.769),(2,2,2,81,2603482,'32142',161,101,5495,708,164,669,0.26,0.331,0.409,0.741),(2,3,3,81,2682917,'33122',162,67,5491,667,165,636,0.246,0.309,0.403,0.712),(2,4,4,81,2650063,'32716',162,93,5640,859,177,810,0.277,0.345,0.444,0.789),(2,5,5,78,2692071,'34514',162,67,5496,706,200,676,0.246,0.321,0.413,0.734),(2,6,6,81,1676804,'20702',162,81,5502,856,217,819,0.268,0.338,0.449,0.787),(2,7,7,80,1855973,'23200',162,78,5470,709,169,678,0.253,0.33,0.408,0.738),(2,8,8,81,2616940,'32308',162,74,5423,739,192,706,0.249,0.321,0.412,0.733),(2,9,9,81,2737918,'33802',162,73,5512,778,152,726,0.274,0.337,0.423,0.76),(2,10,10,80,1503623,'18796',161,55,5406,575,124,546,0.248,0.3,0.379,0.679),(2,11,11,81,2517407,'31080',162,84,5503,749,167,719,0.262,0.338,0.417,0.755),(2,12,12,77,1323034,'17182',162,62,5535,737,140,695,0.256,0.323,0.398,0.721),(2,13,13,81,2305565,'28464',162,99,5678,851,152,811,0.282,0.341,0.433,0.773),(2,14,14,81,3131077,'38656',162,92,5554,713,155,693,0.264,0.32,0.409,0.729),(2,15,15,81,813111,'10038',162,79,5496,699,146,653,0.261,0.337,0.403,0.74),(2,16,16,81,1969693,'24318',162,56,5415,627,139,597,0.253,0.32,0.39,0.711),(2,17,17,81,1924473,'23758',161,94,5582,768,167,731,0.272,0.332,0.437,0.769),(2,18,18,78,2804838,'35960',161,75,5496,690,160,650,0.256,0.322,0.395,0.717),(2,19,19,80,3461644,'43270',161,103,5601,897,223,857,0.275,0.354,0.455,0.809),(2,20,20,81,2169811,'26788',162,103,5558,800,205,772,0.261,0.339,0.432,0.771),(2,21,21,79,1618141,'20482',161,80,5523,710,165,676,0.259,0.339,0.422,0.761),(2,22,22,79,1784993,'22594',161,72,5330,641,142,610,0.244,0.319,0.381,0.7),(2,23,23,81,2220416,'27412',162,66,5515,662,136,627,0.253,0.321,0.381,0.702),(2,24,24,81,3540482,'43710',162,93,5569,814,152,771,0.275,0.35,0.419,0.769),(2,25,25,81,3253205,'40164',162,95,5497,783,198,751,0.267,0.344,0.442,0.786),(2,26,26,81,3011756,'37182',162,97,5505,787,175,758,0.268,0.338,0.425,0.763),(2,27,27,81,1065762,'13158',161,55,5604,673,133,640,0.253,0.314,0.39,0.704),(2,28,28,80,2352447,'29406',162,72,5618,843,230,806,0.269,0.338,0.455,0.794),(2,29,29,81,1636904,'20208',162,78,5581,813,187,771,0.261,0.327,0.43,0.757),(2,30,30,81,732901,'9048',162,83,5479,735,162,695,0.261,0.334,0.418,0.752),(3,1,1,81,2805542,'34636',162,84,5570,717,152,696,0.263,0.33,0.417,0.746),(3,2,2,79,2401084,'30394',162,101,5670,907,235,872,0.284,0.349,0.475,0.824),(3,3,3,81,2454118,'30298',163,71,5665,743,152,695,0.268,0.323,0.405,0.729),(3,4,4,81,2724165,'33632',162,95,5769,961,238,932,0.289,0.36,0.491,0.851),(3,5,5,80,2962630,'37032',162,88,5519,724,172,691,0.259,0.323,0.416,0.739),(3,6,6,81,1939594,'23946',162,86,5487,791,220,766,0.263,0.331,0.446,0.777),(3,7,7,81,2355259,'29078',162,69,5509,694,182,669,0.245,0.318,0.395,0.713),(3,8,8,81,1730001,'21358',162,68,5572,699,158,660,0.254,0.316,0.401,0.717),(3,9,9,81,2334085,'28816',162,74,5518,853,198,814,0.267,0.344,0.445,0.79),(3,10,10,80,1368245,'17104',162,43,5466,591,153,553,0.24,0.3,0.375,0.675),(3,11,11,81,2454241,'30300',162,87,5583,805,191,763,0.263,0.336,0.431,0.767),(3,12,12,79,1795859,'22732',162,83,5568,836,162,781,0.274,0.336,0.427,0.763),(3,13,13,81,3061094,'37792',162,77,5487,736,150,687,0.268,0.33,0.413,0.743),(3,14,14,81,3138626,'38748',162,85,5458,574,124,544,0.243,0.303,0.368,0.671),(3,15,15,80,1303214,'16290',162,91,5490,751,157,709,0.266,0.333,0.421,0.754),(3,16,16,81,1700354,'20992',162,68,5548,714,196,685,0.256,0.329,0.419,0.748),(3,17,17,81,1946011,'24024',162,90,5655,801,155,755,0.277,0.341,0.431,0.772),(3,18,18,77,2187291,'28406',161,66,5341,642,124,607,0.247,0.314,0.374,0.688),(3,19,19,81,3465640,'42786',163,101,5605,877,230,845,0.271,0.356,0.453,0.81),(3,20,20,81,2216596,'27366',162,96,5497,768,176,742,0.254,0.327,0.417,0.743),(3,21,21,78,2259903,'28974',162,86,5543,791,166,757,0.261,0.343,0.419,0.762),(3,22,22,78,1636751,'20984',162,75,5581,753,163,711,0.267,0.338,0.42,0.758),(3,23,23,81,2027020,'25024',162,64,5531,678,128,641,0.261,0.333,0.388,0.721),(3,24,24,81,3268509,'40352',162,93,5561,795,139,759,0.271,0.344,0.41,0.754),(3,25,25,81,3264628,'40304',161,100,5456,755,180,713,0.264,0.338,0.425,0.763),(3,26,26,81,2910366,'35930',162,85,5672,876,196,827,0.279,0.35,0.454,0.804),(3,27,27,81,1058677,'13070',162,63,5654,715,137,678,0.265,0.32,0.404,0.724),(3,28,28,81,2094394,'25856',162,71,5664,826,239,799,0.266,0.33,0.454,0.784),(3,29,29,81,1799458,'22216',162,86,5661,894,190,853,0.279,0.349,0.455,0.803),(3,30,30,81,1025639,'12662',162,83,5437,711,144,682,0.258,0.326,0.401,0.727),(4,1,1,81,2519560,'31106',162,51,5544,615,135,582,0.253,0.31,0.393,0.703),(4,2,2,79,2322565,'29400',162,96,5570,803,178,767,0.27,0.343,0.434,0.777),(4,3,3,80,2747573,'34344',162,78,5736,842,169,803,0.281,0.345,0.432,0.776),(4,4,4,81,2837304,'35028',162,98,5720,949,222,912,0.282,0.36,0.472,0.832),(4,5,5,81,3170184,'39138',162,89,5628,789,235,755,0.268,0.328,0.458,0.786),(4,6,6,79,1930537,'24438',162,83,5534,865,242,823,0.268,0.333,0.457,0.79),(4,7,7,81,2287250,'28238',162,76,5518,750,194,713,0.25,0.331,0.418,0.749),(4,8,8,81,1814401,'22400',162,80,5676,858,184,820,0.276,0.351,0.444,0.795),(4,9,9,79,2338069,'29596',162,68,5577,833,202,795,0.275,0.345,0.455,0.8),(4,10,10,80,1917004,'23962',162,72,5623,827,201,800,0.272,0.337,0.449,0.786),(4,11,11,81,3087872,'38122',162,92,5468,803,187,756,0.267,0.342,0.436,0.778),(4,12,12,79,1661478,'21032',162,58,5538,720,150,675,0.259,0.322,0.397,0.72),(4,13,13,81,3375677,'41676',162,92,5675,836,162,783,0.282,0.341,0.429,0.77),(4,14,14,81,3488283,'43066',162,93,5542,761,203,731,0.262,0.332,0.423,0.755),(4,15,15,78,1723105,'22092',162,83,5486,718,148,677,0.264,0.329,0.406,0.736),(4,16,16,81,2062382,'25462',161,67,5483,634,135,601,0.248,0.321,0.387,0.708),(4,17,17,81,1911418,'23598',162,92,5623,780,191,735,0.266,0.332,0.431,0.763),(4,18,18,80,2318321,'28980',162,71,5532,684,185,658,0.249,0.317,0.409,0.726),(4,19,19,79,3775292,'47788',162,101,5527,897,242,863,0.268,0.353,0.458,0.811),(4,20,20,81,2201516,'27180',162,91,5728,793,189,752,0.27,0.343,0.433,0.776),(4,21,21,80,3250092,'40626',162,86,5643,840,215,802,0.267,0.345,0.443,0.788),(4,22,22,75,1583031,'21108',161,72,5483,680,142,648,0.26,0.321,0.401,0.722),(4,23,23,81,3016752,'37244',162,87,5573,768,139,722,0.273,0.342,0.414,0.756),(4,24,24,81,2940731,'36306',162,63,5722,698,136,658,0.27,0.331,0.396,0.727),(4,25,25,81,3256858,'40208',162,91,5546,850,183,805,0.27,0.357,0.438,0.795),(4,26,26,81,3048427,'37634',162,105,5555,855,214,817,0.278,0.344,0.46,0.804),(4,27,27,79,1275011,'16140',161,70,5483,714,145,685,0.258,0.32,0.405,0.725),(4,28,28,79,2513685,'31818',162,89,5615,860,227,825,0.266,0.329,0.457,0.786),(4,29,29,81,1900041,'23458',161,67,5531,719,145,680,0.26,0.328,0.403,0.732),(4,30,30,80,748550,'9356',162,67,5474,635,151,605,0.249,0.313,0.392,0.705),(5,1,1,81,2058718,'25416',162,77,5550,696,191,670,0.256,0.332,0.421,0.754),(5,2,2,80,2521167,'31514',162,90,5486,769,184,733,0.265,0.333,0.435,0.768),(5,3,3,81,2624740,'32404',162,74,5551,729,189,700,0.269,0.327,0.434,0.761),(5,4,4,81,2847888,'35160',162,95,5626,910,199,863,0.281,0.357,0.454,0.811),(5,5,5,80,3099992,'38750',162,79,5584,703,194,674,0.27,0.324,0.44,0.764),(5,6,6,81,2342833,'28924',162,99,5529,741,200,713,0.262,0.322,0.425,0.747),(5,7,7,81,1943068,'23988',163,73,5565,820,222,784,0.261,0.339,0.446,0.785),(5,8,8,81,2013763,'24862',162,93,5609,790,207,760,0.271,0.334,0.453,0.787),(5,9,9,80,1914389,'23930',162,67,5542,740,150,704,0.267,0.333,0.411,0.744),(5,10,10,80,2024485,'25306',162,71,5602,723,168,678,0.272,0.321,0.428,0.75),(5,11,11,81,2804760,'34626',163,89,5462,693,161,654,0.256,0.322,0.408,0.73),(5,12,12,79,1371181,'17356',162,56,5503,701,126,653,0.263,0.32,0.396,0.716),(5,13,13,81,3404686,'42034',162,95,5624,761,147,726,0.27,0.325,0.409,0.734),(5,14,14,81,3603646,'44490',162,71,5433,685,149,653,0.253,0.326,0.395,0.721),(5,15,15,81,1852608,'22872',162,83,5502,717,128,678,0.272,0.339,0.409,0.748),(5,16,16,81,2211023,'27296',162,81,5448,726,175,689,0.259,0.331,0.423,0.754),(5,17,17,81,2034243,'25114',162,83,5564,688,134,644,0.259,0.323,0.391,0.714),(5,18,18,80,2829931,'35374',162,83,5505,722,175,683,0.258,0.322,0.416,0.738),(5,19,19,81,4090692,'50502',162,95,5624,886,229,847,0.276,0.355,0.45,0.805),(5,20,20,81,2109118,'26038',162,88,5627,772,155,739,0.262,0.33,0.407,0.737),(5,21,21,80,2665304,'33316',162,88,5542,807,167,760,0.27,0.348,0.423,0.772),(5,22,22,79,1817245,'23004',162,67,5573,680,139,656,0.259,0.322,0.4,0.723),(5,23,23,81,2869787,'35430',162,82,5502,684,130,655,0.257,0.333,0.391,0.724),(5,24,24,81,2725549,'33648',162,69,5507,699,130,657,0.256,0.317,0.391,0.709),(5,25,25,81,3181023,'39272',162,75,5462,649,128,617,0.261,0.319,0.396,0.714),(5,26,26,81,3538988,'43692',162,100,5538,805,170,757,0.27,0.339,0.423,0.762),(5,27,27,81,1152793,'14232',162,67,5552,750,157,717,0.274,0.329,0.425,0.754),(5,28,28,80,2525221,'31566',162,79,5716,865,260,834,0.267,0.329,0.468,0.798),(5,29,29,81,2014987,'24876',162,80,5581,775,136,735,0.265,0.331,0.407,0.738),(5,30,30,81,2731993,'33728',162,81,5426,639,117,615,0.252,0.322,0.386,0.708),(6,1,1,81,2092189,'25830',162,76,5645,773,160,743,0.267,0.331,0.424,0.755),(6,2,2,80,2550524,'31882',162,79,5583,849,222,818,0.27,0.337,0.455,0.791),(6,3,3,81,2153139,'26582',162,70,5610,768,164,727,0.277,0.339,0.424,0.763),(6,4,4,82,2967508,'36190',162,86,5619,820,192,777,0.269,0.351,0.435,0.786),(6,5,5,80,3123215,'39040',162,66,5587,716,166,677,0.268,0.319,0.422,0.741),(6,6,6,81,2957411,'36512',162,90,5657,868,236,839,0.28,0.342,0.464,0.806),(6,7,7,81,2134633,'26354',162,80,5515,749,217,718,0.257,0.336,0.432,0.768),(6,8,8,81,1997995,'24666',162,78,5619,870,196,839,0.28,0.349,0.457,0.806),(6,9,9,81,2104362,'25980',162,76,5562,813,157,761,0.27,0.341,0.433,0.774),(6,10,10,81,2595937,'32048',162,95,5642,822,203,785,0.274,0.329,0.449,0.777),(6,11,11,81,3022763,'37318',162,82,5521,735,174,708,0.255,0.332,0.409,0.741),(6,12,12,80,1372638,'17158',162,62,5589,757,124,718,0.271,0.332,0.411,0.743),(6,13,13,81,3406790,'42060',162,89,5609,766,159,737,0.274,0.334,0.425,0.759),(6,14,14,81,3758545,'46402',162,88,5628,820,153,787,0.276,0.348,0.432,0.781),(6,15,15,81,1164134,'14372',162,78,5502,758,182,713,0.264,0.331,0.435,0.766),(6,16,16,81,2335643,'28836',162,75,5433,730,180,695,0.258,0.327,0.42,0.747),(6,17,17,81,2285018,'28210',162,96,5602,801,143,754,0.287,0.347,0.425,0.771),(6,18,18,78,3379535,'43328',162,97,5558,834,200,800,0.264,0.334,0.445,0.78),(6,19,19,81,4243780,'52392',162,97,5651,930,210,902,0.285,0.363,0.461,0.824),(6,20,20,81,1976625,'24402',162,93,5500,771,175,735,0.26,0.34,0.412,0.752),(6,21,21,79,2701815,'34200',162,85,5687,865,216,823,0.267,0.347,0.447,0.794),(6,22,22,80,1861549,'23270',162,67,5558,691,141,656,0.263,0.327,0.397,0.723),(6,23,23,81,2659754,'32836',162,88,5576,731,161,698,0.263,0.332,0.416,0.749),(6,24,24,81,2481375,'30634',162,78,5670,756,172,703,0.272,0.325,0.424,0.749),(6,25,25,81,3129785,'38640',161,76,5472,746,163,711,0.259,0.324,0.422,0.746),(6,26,26,80,3407114,'42588',161,83,5522,781,184,745,0.269,0.337,0.431,0.769),(6,27,27,81,1370963,'16926',162,61,5474,689,190,650,0.255,0.314,0.42,0.733),(6,28,28,81,2388757,'29490',162,80,5659,835,183,799,0.278,0.338,0.446,0.784),(6,29,29,81,2302212,'28422',162,87,5596,809,199,778,0.284,0.348,0.463,0.811),(6,30,30,81,2153058,'26580',162,71,5495,746,164,695,0.262,0.338,0.418,0.756),(7,1,1,81,2325413,'28708',162,90,5398,712,171,687,0.25,0.321,0.413,0.734),(7,2,2,81,2745210,'33892',162,84,5689,810,176,781,0.275,0.339,0.435,0.774),(7,3,3,80,2164822,'27060',162,69,5631,756,142,718,0.272,0.333,0.412,0.746),(7,4,4,81,2971025,'36680',162,96,5589,867,166,829,0.279,0.362,0.444,0.806),(7,5,5,81,3252462,'40154',162,85,5643,752,151,711,0.271,0.333,0.422,0.754),(7,6,6,81,2684395,'33140',162,72,5441,693,190,667,0.246,0.318,0.404,0.722),(7,7,7,81,2058593,'25414',162,72,5607,783,204,747,0.267,0.335,0.436,0.772),(7,8,8,80,2275916,'28448',162,96,5604,811,178,784,0.268,0.343,0.428,0.771),(7,9,9,82,2376250,'28978',163,90,5691,860,171,823,0.28,0.354,0.437,0.791),(7,10,10,81,3047139,'37620',162,88,5757,887,177,857,0.287,0.345,0.458,0.802),(7,11,11,81,3020405,'37288',162,73,5605,723,167,700,0.26,0.33,0.412,0.742),(7,12,12,81,1616867,'19962',162,69,5534,706,102,660,0.261,0.322,0.388,0.71),(7,13,13,81,3365632,'41552',162,94,5554,822,123,776,0.284,0.345,0.417,0.762),(7,14,14,81,3857036,'47618',162,82,5614,735,129,706,0.275,0.337,0.406,0.743),(7,15,15,81,1370511,'16920',162,71,5627,790,201,749,0.267,0.336,0.448,0.784),(7,16,16,81,2869144,'35422',162,83,5554,801,231,774,0.262,0.329,0.456,0.785),(7,17,17,81,2296347,'28350',162,79,5522,718,118,671,0.264,0.33,0.391,0.721),(7,18,18,81,3853949,'47580',162,88,5605,804,177,761,0.275,0.342,0.432,0.775),(7,19,19,81,4271083,'52730',162,94,5717,968,201,929,0.29,0.366,0.463,0.829),(7,20,20,81,1921834,'23726',162,76,5577,741,171,711,0.256,0.338,0.407,0.745),(7,21,21,81,3108325,'38374',162,89,5688,892,213,850,0.274,0.354,0.458,0.812),(7,22,22,79,1749142,'22142',162,68,5569,724,148,694,0.263,0.325,0.411,0.736),(7,23,23,81,2790074,'34446',163,89,5612,741,171,704,0.251,0.322,0.411,0.732),(7,24,24,81,2672485,'32994',162,88,5684,794,153,754,0.287,0.337,0.425,0.762),(7,25,25,81,3223217,'39792',162,71,5538,683,131,641,0.254,0.322,0.387,0.708),(7,26,26,81,3552180,'43854',162,78,5529,725,141,690,0.274,0.337,0.405,0.743),(7,27,27,81,1387603,'17130',162,66,5593,782,187,750,0.268,0.336,0.433,0.769),(7,28,28,79,2353862,'29796',162,75,5555,816,179,768,0.263,0.328,0.426,0.754),(7,29,29,81,2360648,'29144',162,83,5536,753,165,719,0.259,0.327,0.419,0.746),(7,30,30,81,1961606,'24218',162,73,5520,673,123,646,0.256,0.325,0.39,0.715),(8,1,1,81,2509924,'30986',162,82,5409,720,159,683,0.251,0.327,0.415,0.742),(8,2,2,81,2532834,'31270',162,72,5604,753,130,721,0.27,0.345,0.408,0.753),(8,3,3,78,1950075,'25000',161,68,5559,782,172,750,0.267,0.333,0.429,0.762),(8,4,4,81,3048250,'37632',162,95,5596,845,173,807,0.28,0.358,0.447,0.805),(8,5,5,81,3300200,'40744',161,97,5588,855,184,811,0.278,0.354,0.443,0.797),(8,6,6,81,2501103,'30878',163,89,5553,811,235,785,0.263,0.332,0.448,0.78),(8,7,7,81,2058632,'25416',162,74,5465,704,187,677,0.247,0.321,0.408,0.729),(8,8,8,80,2169760,'27122',162,81,5543,805,171,772,0.262,0.339,0.424,0.763),(8,9,9,80,2650218,'33128',162,74,5557,747,160,714,0.263,0.336,0.415,0.751),(8,10,10,81,3202645,'39538',162,74,5641,821,200,780,0.271,0.34,0.444,0.784),(8,11,11,80,2779287,'34742',161,86,5451,712,167,684,0.263,0.323,0.415,0.737),(8,12,12,79,1578922,'19986',162,75,5608,691,120,650,0.269,0.32,0.397,0.717),(8,13,13,81,3336744,'41194',162,100,5540,765,159,721,0.268,0.33,0.413,0.743),(8,14,14,81,3730553,'46056',162,84,5506,700,137,659,0.264,0.333,0.399,0.732),(8,15,15,80,1335075,'16688',161,84,5499,770,208,741,0.254,0.326,0.433,0.759),(8,16,16,81,3068458,'37882',162,90,5535,750,198,722,0.253,0.325,0.431,0.757),(8,17,17,81,2302431,'28426',163,88,5641,829,111,791,0.279,0.34,0.408,0.748),(8,18,18,79,4042047,'51166',162,89,5606,799,172,751,0.266,0.34,0.42,0.761),(8,19,19,81,4298655,'53070',162,89,5572,789,180,758,0.271,0.342,0.427,0.769),(8,20,20,81,1665256,'20558',161,75,5451,646,125,610,0.242,0.318,0.369,0.686),(8,21,21,81,3422583,'42254',162,92,5509,799,214,762,0.255,0.332,0.438,0.77),(8,22,22,80,1609076,'20114',162,67,5628,735,153,705,0.258,0.32,0.403,0.723),(8,23,23,81,2427535,'29970',162,63,5568,637,154,615,0.25,0.317,0.39,0.707),(8,24,24,81,2329702,'28762',162,61,5643,671,124,631,0.265,0.318,0.389,0.707),(8,25,25,81,2863837,'35356',162,72,5543,640,94,606,0.262,0.321,0.382,0.703),(8,26,26,81,3430660,'42354',162,86,5636,779,174,744,0.281,0.35,0.433,0.783),(8,27,27,80,1780791,'22260',162,97,5541,774,180,735,0.26,0.34,0.422,0.762),(8,28,28,80,1945677,'24320',162,79,5728,901,194,867,0.283,0.354,0.462,0.816),(8,29,29,81,2399786,'29626',162,86,5503,714,126,681,0.264,0.331,0.399,0.731),(8,30,30,80,2320400,'29006',161,59,5491,641,117,608,0.251,0.323,0.373,0.696),(9,1,1,81,2128799,'26282',162,70,5565,720,173,686,0.253,0.324,0.418,0.742),(9,2,2,81,2373631,'29304',162,86,5539,735,149,700,0.263,0.339,0.405,0.744),(9,3,3,81,1907163,'23546',162,64,5618,741,160,708,0.268,0.332,0.415,0.747),(9,4,4,81,3062699,'37812',162,95,5543,872,212,822,0.27,0.352,0.454,0.806),(9,5,5,80,3168859,'39610',161,83,5486,707,161,678,0.255,0.332,0.407,0.738),(9,6,6,81,2284164,'28200',162,79,5463,724,184,695,0.258,0.329,0.411,0.74),(9,7,7,81,1747919,'21580',162,78,5462,673,158,637,0.247,0.318,0.394,0.712),(9,8,8,79,1776904,'22492',162,65,5568,773,161,730,0.264,0.339,0.417,0.756),(9,9,9,81,2665080,'32902',162,92,5398,804,190,760,0.261,0.343,0.441,0.784),(9,10,10,81,2567185,'31694',163,86,5540,743,183,718,0.26,0.331,0.416,0.747),(9,11,11,81,2521076,'31124',162,74,5436,643,142,616,0.26,0.319,0.4,0.719),(9,12,12,80,1797887,'22474',162,65,5532,686,144,657,0.259,0.318,0.405,0.724),(9,13,13,81,3240374,'40004',162,97,5622,883,173,841,0.285,0.35,0.441,0.792),(9,14,14,81,3761653,'46440',162,95,5592,780,145,739,0.27,0.346,0.412,0.758),(9,15,15,78,1464109,'18770',162,87,5572,772,159,727,0.268,0.34,0.416,0.756),(9,16,16,81,3037451,'37500',162,80,5510,785,182,757,0.263,0.341,0.426,0.767),(9,17,17,82,2416237,'29466',163,87,5608,817,172,770,0.274,0.345,0.429,0.774),(9,18,18,81,3154270,'38942',162,70,5453,671,95,631,0.27,0.335,0.394,0.729),(9,19,19,81,3674495,'45364',162,103,5660,915,244,881,0.283,0.362,0.478,0.839),(9,20,20,81,1408783,'17392',162,75,5584,759,135,723,0.262,0.328,0.397,0.726),(9,21,21,81,3600693,'44454',162,93,5578,820,224,788,0.258,0.334,0.447,0.781),(9,22,22,81,1577853,'19480',161,62,5417,636,125,612,0.252,0.318,0.387,0.705),(9,23,23,81,1922603,'23736',162,75,5425,638,141,605,0.242,0.321,0.381,0.701),(9,24,24,81,2196461,'27116',162,85,5543,640,160,613,0.258,0.314,0.402,0.716),(9,25,25,81,2861113,'35322',162,88,5493,657,122,612,0.257,0.309,0.389,0.699),(9,26,26,81,3343252,'41274',162,91,5465,730,160,694,0.263,0.332,0.415,0.747),(9,27,27,81,1874962,'23148',162,84,5462,803,199,765,0.263,0.343,0.439,0.782),(9,28,28,78,2156016,'27642',162,87,5526,784,224,748,0.26,0.32,0.445,0.764),(9,29,29,81,1876129,'23162',162,75,5696,798,209,766,0.266,0.333,0.44,0.773),(9,30,30,80,1817202,'22716',162,59,5493,710,156,685,0.258,0.337,0.406,0.743),(10,1,1,81,2056941,'25394',162,65,5473,713,180,691,0.25,0.325,0.416,0.74),(10,2,2,81,2510119,'30990',162,91,5463,738,139,699,0.258,0.339,0.401,0.74),(10,3,3,80,1733018,'21662',162,66,5554,613,133,577,0.259,0.316,0.386,0.702),(10,4,4,81,3046443,'37610',162,89,5646,818,211,782,0.268,0.339,0.451,0.79),(10,5,5,81,3062973,'37814',162,75,5512,685,149,658,0.257,0.32,0.401,0.721),(10,6,6,81,2194378,'27092',162,88,5484,752,177,710,0.268,0.332,0.42,0.752),(10,7,7,81,2060550,'25438',162,91,5579,790,188,761,0.272,0.338,0.436,0.774),(10,8,8,80,1394812,'17436',162,69,5487,646,128,601,0.248,0.322,0.378,0.7),(10,9,9,80,2875245,'35940',162,83,5530,770,173,741,0.263,0.336,0.425,0.76),(10,10,10,81,2461237,'30386',162,81,5643,751,152,717,0.268,0.335,0.415,0.75),(10,11,11,81,2331490,'28784',162,76,5452,611,108,577,0.247,0.303,0.362,0.665),(10,12,12,80,1615324,'20192',162,67,5604,676,121,640,0.274,0.331,0.399,0.73),(10,13,13,81,3250816,'40134',162,80,5488,681,155,656,0.248,0.311,0.39,0.702),(10,14,14,81,3562320,'43980',162,80,5426,667,120,621,0.252,0.322,0.379,0.7),(10,15,15,81,1535226,'18954',162,80,5531,719,152,686,0.254,0.321,0.403,0.724),(10,16,16,81,2776531,'34278',162,77,5606,750,182,710,0.262,0.335,0.424,0.759),(10,17,17,81,3223640,'39798',162,94,5568,781,142,749,0.273,0.341,0.422,0.762),(10,18,18,79,2559738,'32402',162,79,5465,656,128,625,0.249,0.314,0.383,0.697),(10,19,19,81,3765807,'46492',162,95,5567,859,201,823,0.267,0.35,0.436,0.786),(10,20,20,81,1418391,'17512',162,81,5448,663,109,619,0.256,0.324,0.378,0.702),(10,21,21,81,3647249,'45028',162,97,5581,772,166,736,0.26,0.332,0.413,0.745),(10,22,22,81,1613399,'19918',162,57,5386,587,126,570,0.242,0.304,0.373,0.678),(10,23,23,81,2131774,'26318',162,90,5434,665,132,630,0.246,0.317,0.371,0.689),(10,24,24,81,2085488,'25746',162,61,5409,513,101,485,0.236,0.298,0.339,0.637),(10,25,25,81,3037443,'37500',162,92,5488,697,162,660,0.257,0.321,0.408,0.729),(10,26,26,81,3301218,'40756',162,86,5542,736,150,689,0.263,0.332,0.402,0.733),(10,27,27,81,1843445,'22758',162,96,5439,802,160,769,0.247,0.333,0.403,0.736),(10,28,28,81,2505171,'30928',162,90,5635,787,162,740,0.276,0.338,0.419,0.757),(10,29,29,81,1625555,'20068',162,85,5495,755,257,732,0.248,0.312,0.454,0.766),(10,30,30,81,1828066,'22568',162,69,5418,655,149,634,0.25,0.318,0.39,0.708),(11,1,1,81,2105432,'25992',162,94,5421,731,172,702,0.25,0.322,0.413,0.736),(11,2,2,79,2372940,'30038',162,89,5528,641,173,606,0.243,0.308,0.387,0.695),(11,3,3,80,1755461,'21944',162,69,5585,708,191,684,0.257,0.316,0.413,0.729),(11,4,4,81,3054001,'37704',162,90,5710,875,203,842,0.28,0.349,0.461,0.81),(11,5,5,81,3017966,'37258',162,71,5549,654,148,610,0.256,0.314,0.401,0.715),(11,6,6,81,2001117,'24706',162,79,5502,654,154,625,0.252,0.319,0.388,0.706),(11,7,7,81,2213498,'27328',162,79,5612,735,183,697,0.256,0.326,0.408,0.734),(11,8,8,81,1840835,'22726',162,80,5509,704,154,671,0.25,0.317,0.396,0.714),(11,9,9,81,2909777,'35924',162,73,5544,735,163,697,0.258,0.329,0.41,0.739),(11,10,10,81,2642045,'32618',162,95,5563,787,169,750,0.277,0.34,0.434,0.773),(11,11,11,81,2067016,'25518',162,56,5598,615,95,579,0.258,0.311,0.374,0.684),(11,12,12,81,1724450,'21290',162,71,5672,730,129,705,0.275,0.329,0.415,0.744),(11,13,13,81,3166321,'39090',162,86,5513,667,155,629,0.253,0.313,0.402,0.714),(11,14,14,81,2935139,'36236',161,82,5436,644,117,613,0.257,0.322,0.375,0.697),(11,15,15,80,1520562,'19008',162,72,5508,625,149,596,0.247,0.318,0.388,0.706),(11,16,16,81,3071373,'37918',162,96,5447,721,185,693,0.261,0.325,0.425,0.75),(11,17,17,81,3168107,'39112',162,63,5487,619,103,572,0.247,0.306,0.36,0.666),(11,18,18,79,2378549,'30108',162,77,5600,718,108,676,0.264,0.335,0.391,0.725),(11,19,19,81,3653680,'45108',162,97,5518,867,222,836,0.263,0.343,0.444,0.788),(11,20,20,81,1476792,'18232',162,74,5452,645,114,612,0.244,0.311,0.369,0.68),(11,21,21,81,3680718,'45440',162,102,5579,713,153,693,0.253,0.323,0.395,0.717),(11,22,22,80,1940429,'24256',162,72,5421,610,107,580,0.244,0.309,0.368,0.676),(11,23,23,81,2143018,'26458',162,71,5417,593,91,563,0.237,0.305,0.349,0.653),(11,24,24,81,1896321,'23412',162,67,5421,556,109,534,0.233,0.292,0.348,0.64),(11,25,25,81,3387303,'41818',162,86,5486,570,121,534,0.242,0.303,0.368,0.671),(11,26,26,81,3093954,'38196',162,90,5532,762,162,726,0.273,0.341,0.425,0.766),(11,27,27,81,1529188,'18878',162,91,5436,707,172,674,0.244,0.322,0.402,0.724),(11,28,28,81,2946949,'36382',162,96,5659,855,210,807,0.283,0.34,0.46,0.8),(11,29,29,81,1818103,'22446',162,81,5559,743,186,704,0.249,0.317,0.413,0.73),(11,30,30,78,1940478,'24878',161,80,5441,624,154,594,0.242,0.309,0.383,0.691),(12,1,1,81,2177617,'26884',162,81,5462,734,165,710,0.259,0.328,0.418,0.746),(12,2,2,81,2420171,'29878',162,94,5425,700,149,660,0.247,0.32,0.389,0.709),(12,3,3,79,2102240,'26610',162,93,5560,712,214,677,0.247,0.311,0.417,0.728),(12,4,4,81,3043003,'37568',162,69,5604,734,165,695,0.26,0.315,0.415,0.73),(12,5,5,81,2882756,'35590',162,61,5411,613,137,570,0.24,0.302,0.378,0.68),(12,6,6,81,1965955,'24272',162,85,5518,748,211,726,0.255,0.318,0.422,0.74),(12,7,7,81,2347251,'28978',162,97,5477,669,172,636,0.251,0.315,0.411,0.726),(12,8,8,81,1603596,'19798',162,68,5525,667,136,635,0.251,0.324,0.381,0.705),(12,9,9,81,2630458,'32474',162,64,5577,758,166,716,0.274,0.33,0.436,0.766),(12,10,10,81,3028033,'37384',162,88,5476,726,163,698,0.268,0.335,0.422,0.757),(12,11,11,81,1607733,'19848',162,55,5407,583,146,545,0.236,0.302,0.371,0.673),(12,12,12,80,1739859,'21748',162,72,5636,676,131,643,0.265,0.317,0.4,0.716),(12,13,13,81,3061770,'37800',162,89,5536,767,187,732,0.274,0.332,0.433,0.764),(12,14,14,81,3324246,'41040',162,86,5438,637,116,607,0.252,0.317,0.374,0.69),(12,15,15,81,2219444,'27400',162,69,5437,609,137,576,0.244,0.308,0.382,0.69),(12,16,16,81,2831385,'34956',162,83,5557,776,202,741,0.259,0.325,0.437,0.762),(12,17,17,81,2776354,'34276',162,66,5562,701,131,667,0.26,0.325,0.39,0.715),(12,18,18,80,2242803,'28036',162,74,5450,650,139,625,0.249,0.316,0.386,0.701),(12,19,19,81,3542406,'43734',162,95,5524,804,245,774,0.265,0.337,0.453,0.79),(12,20,20,81,1679013,'20728',162,94,5527,713,195,676,0.238,0.31,0.404,0.714),(12,21,21,81,3565718,'44022',162,81,5544,684,158,659,0.255,0.317,0.4,0.716),(12,22,22,80,2091918,'26148',162,79,5412,651,170,620,0.243,0.304,0.395,0.699),(12,23,23,81,2123721,'26218',162,76,5422,651,121,610,0.247,0.319,0.38,0.699),(12,24,24,81,1721920,'21258',162,75,5494,619,149,584,0.234,0.296,0.369,0.665),(12,25,25,81,3377371,'41696',162,94,5558,718,103,675,0.269,0.327,0.397,0.724),(12,26,26,81,3262109,'40272',162,88,5622,765,159,732,0.271,0.338,0.421,0.759),(12,27,27,81,1559681,'19256',162,90,5398,697,175,665,0.24,0.317,0.394,0.711),(12,28,28,81,3460280,'42720',162,93,5590,808,200,780,0.273,0.334,0.446,0.78),(12,29,29,81,2099663,'25922',162,73,5487,716,198,677,0.245,0.309,0.407,0.716),(12,30,30,79,2370794,'30010',162,98,5615,731,194,688,0.261,0.322,0.428,0.75),(13,1,1,81,2134795,'26356',162,81,5676,685,130,647,0.259,0.323,0.391,0.715),(13,2,2,81,2548679,'31466',162,96,5441,688,181,656,0.249,0.321,0.402,0.723),(13,3,3,81,2357561,'29106',162,85,5620,745,212,719,0.26,0.313,0.431,0.744),(13,4,4,81,2833333,'34980',162,97,5651,853,178,819,0.277,0.349,0.446,0.795),(13,5,5,81,2642682,'32626',162,66,5498,602,172,576,0.238,0.3,0.392,0.693),(13,6,6,80,1768413,'22106',162,63,5563,598,148,574,0.249,0.302,0.378,0.68),(13,7,7,81,2534369,'31288',162,90,5499,698,155,664,0.249,0.327,0.391,0.718),(13,8,8,80,1572926,'19662',162,92,5465,745,171,711,0.255,0.327,0.41,0.737),(13,9,9,81,2793828,'34492',162,74,5599,706,159,673,0.27,0.323,0.418,0.741),(13,10,10,81,3083397,'38066',162,93,5735,796,176,767,0.283,0.346,0.434,0.78),(13,11,11,81,1651883,'20394',162,51,5457,610,148,566,0.24,0.299,0.375,0.674),(13,12,12,81,1750754,'21614',162,86,5549,648,112,620,0.26,0.315,0.379,0.694),(13,13,13,81,3019505,'37278',162,78,5588,733,164,696,0.264,0.329,0.414,0.743),(13,14,14,81,3743527,'46216',162,92,5491,649,138,618,0.264,0.326,0.396,0.722),(13,15,15,81,1586322,'19584',162,62,5449,513,95,485,0.231,0.293,0.335,0.627),(13,16,16,81,2531105,'31248',162,74,5474,640,157,610,0.252,0.311,0.398,0.708),(13,17,17,81,2477644,'30588',162,66,5564,614,151,590,0.242,0.312,0.38,0.692),(13,18,18,80,2135657,'26696',162,74,5559,619,130,593,0.237,0.306,0.366,0.672),(13,19,19,81,3279589,'40488',162,85,5449,650,144,614,0.242,0.307,0.376,0.683),(13,20,20,81,1809302,'22338',162,96,5521,767,186,725,0.254,0.327,0.419,0.745),(13,21,21,81,3012403,'37190',162,73,5456,610,140,578,0.248,0.306,0.384,0.69),(13,22,22,80,2256862,'28210',162,94,5486,634,161,603,0.245,0.313,0.396,0.709),(13,23,23,81,2166691,'26750',162,76,5517,618,146,578,0.245,0.308,0.378,0.686),(13,24,24,81,1761546,'21748',162,71,5558,624,188,597,0.237,0.306,0.39,0.695),(13,25,25,80,3326796,'41584',162,76,5552,629,107,596,0.26,0.32,0.381,0.702),(13,26,26,81,3369769,'41602',162,97,5557,783,125,745,0.269,0.332,0.401,0.733),(13,27,27,81,1510300,'18646',163,92,5538,700,165,670,0.257,0.329,0.408,0.737),(13,28,28,82,3178273,'38760',163,91,5585,730,176,691,0.262,0.323,0.412,0.735),(13,29,29,81,2536562,'31316',162,74,5537,712,185,669,0.252,0.318,0.411,0.729),(13,30,30,81,2652422,'32746',162,86,5436,656,161,621,0.251,0.313,0.398,0.71),(14,1,1,81,2073730,'25602',162,64,5552,615,118,573,0.248,0.302,0.376,0.678),(14,2,2,81,2354305,'29066',162,79,5468,573,123,545,0.241,0.305,0.36,0.665),(14,3,3,80,2464473,'30806',162,96,5596,705,211,681,0.256,0.311,0.422,0.734),(14,4,4,81,2956089,'36494',162,71,5551,634,123,601,0.244,0.316,0.369,0.684),(14,5,5,81,2652113,'32742',162,73,5508,614,157,590,0.239,0.3,0.385,0.684),(14,6,6,79,1650821,'20896',162,73,5543,660,155,625,0.253,0.31,0.398,0.708),(14,7,7,81,2476664,'30576',162,76,5395,595,131,562,0.238,0.296,0.365,0.661),(14,8,8,78,1437393,'18428',162,85,5575,669,142,644,0.253,0.317,0.389,0.706),(14,9,9,81,2680329,'33090',162,66,5612,755,186,721,0.276,0.327,0.445,0.772),(14,10,10,81,2917209,'36014',162,90,5630,757,155,731,0.277,0.331,0.426,0.757),(14,11,11,81,1751829,'21628',162,70,5447,629,163,596,0.242,0.309,0.383,0.692),(14,12,12,81,1956482,'24154',162,89,5545,651,95,604,0.263,0.314,0.376,0.69),(14,13,13,81,3095935,'38222',162,98,5652,773,155,729,0.259,0.322,0.406,0.728),(14,14,14,81,3782337,'46696',162,94,5560,718,134,686,0.265,0.333,0.406,0.738),(14,15,15,81,1732283,'21386',162,77,5538,645,122,614,0.253,0.317,0.378,0.694),(14,16,16,81,2797384,'34536',162,82,5462,650,150,617,0.25,0.311,0.397,0.708),(14,17,17,81,2250606,'27786',162,70,5567,715,128,675,0.254,0.324,0.389,0.713),(14,18,18,80,2148808,'26860',162,79,5472,629,125,602,0.239,0.308,0.364,0.673),(14,19,19,80,3401624,'42520',162,84,5497,633,147,591,0.245,0.307,0.38,0.687),(14,20,20,80,2003628,'25046',162,88,5545,729,146,686,0.244,0.32,0.381,0.7),(14,21,21,81,2423852,'29924',162,73,5603,619,125,584,0.242,0.302,0.363,0.665),(14,22,22,81,2442564,'30156',162,88,5536,682,156,659,0.259,0.33,0.404,0.734),(14,23,23,81,2195373,'27104',162,77,5294,535,109,500,0.226,0.292,0.342,0.634),(14,24,24,81,2064334,'25486',162,87,5450,634,136,600,0.244,0.3,0.376,0.676),(14,25,25,81,3368697,'41588',162,88,5523,665,132,636,0.255,0.311,0.388,0.699),(14,26,26,81,3540649,'43712',162,90,5426,619,105,585,0.253,0.32,0.369,0.689),(14,27,27,81,1446464,'17858',162,77,5516,612,117,586,0.247,0.317,0.367,0.684),(14,28,28,81,2718733,'33564',162,67,5460,637,111,597,0.256,0.314,0.375,0.689),(14,29,29,81,2375525,'29328',162,83,5549,723,177,690,0.259,0.323,0.414,0.736),(14,30,30,81,2579389,'31844',162,96,5542,686,152,635,0.253,0.321,0.393,0.714),(15,1,1,81,2080145,'25680',162,79,5649,720,154,680,0.264,0.324,0.414,0.738),(15,2,2,80,2001392,'25018',162,67,5420,573,100,548,0.251,0.314,0.359,0.674),(15,3,3,79,2320590,'29374',162,81,5485,713,217,686,0.25,0.307,0.421,0.728),(15,4,4,81,2880694,'35564',162,78,5640,748,161,706,0.265,0.325,0.415,0.74),(15,5,5,81,2959812,'36540',162,97,5491,689,171,657,0.244,0.321,0.398,0.719),(15,6,6,80,1755810,'21948',162,76,5533,622,136,595,0.25,0.306,0.38,0.686),(15,7,7,81,2419506,'29870',162,64,5571,640,167,613,0.248,0.312,0.394,0.706),(15,8,8,78,1388905,'17806',161,81,5439,669,141,640,0.256,0.325,0.401,0.725),(15,9,9,80,2506789,'31334',162,68,5572,737,186,702,0.265,0.315,0.432,0.748),(15,10,10,81,2726048,'33654',161,74,5605,689,151,660,0.27,0.328,0.42,0.748),(15,11,11,81,2153585,'26588',162,86,5459,729,230,691,0.25,0.315,0.437,0.752),(15,12,12,81,2708549,'33438',162,95,5575,724,139,689,0.269,0.322,0.412,0.734),(15,13,13,81,3012765,'37194',162,85,5417,661,176,621,0.246,0.307,0.396,0.702),(15,14,14,81,3764815,'46480',162,92,5385,667,187,638,0.25,0.326,0.413,0.739),(15,15,15,81,1752235,'21632',162,71,5463,613,120,575,0.26,0.31,0.384,0.694),(15,16,16,81,2542558,'31390',162,68,5480,655,145,624,0.251,0.307,0.393,0.7),(15,17,17,81,2220054,'27408',162,83,5467,696,156,661,0.247,0.305,0.399,0.704),(15,18,18,81,2569753,'31726',162,90,5527,683,177,654,0.244,0.312,0.4,0.712),(15,19,19,80,3193795,'39922',162,87,5567,764,212,737,0.251,0.323,0.421,0.744),(15,20,20,81,1768175,'21830',162,68,5600,694,146,661,0.251,0.312,0.395,0.707),(15,21,21,78,1831080,'23476',162,63,5529,626,130,586,0.249,0.303,0.382,0.684),(15,22,22,81,2498596,'30846',162,98,5631,697,140,661,0.26,0.323,0.396,0.719),(15,23,23,81,2459752,'30368',162,74,5457,650,148,623,0.243,0.3,0.385,0.685),(15,24,24,81,2193581,'27082',162,76,5544,656,198,624,0.249,0.311,0.411,0.722),(15,25,25,81,3375882,'41678',162,84,5565,696,136,663,0.267,0.326,0.406,0.732),(15,26,26,81,3520889,'43468',162,100,5484,647,137,619,0.253,0.321,0.394,0.716),(15,27,27,81,1247668,'15404',162,80,5485,644,167,612,0.252,0.314,0.406,0.72),(15,28,28,81,2491875,'30764',162,88,5511,751,172,707,0.257,0.325,0.413,0.739),(15,29,29,81,2794891,'34504',162,93,5509,891,232,852,0.269,0.34,0.457,0.797),(15,30,30,81,2619843,'32344',162,83,5428,703,177,665,0.251,0.321,0.403,0.724),(16,1,1,81,2036216,'25138',162,69,5665,752,190,709,0.261,0.32,0.432,0.752),(16,2,2,81,2020914,'24950',161,68,5514,649,122,615,0.255,0.321,0.384,0.705),(16,3,3,81,2172344,'26820',162,89,5524,744,253,710,0.256,0.317,0.443,0.76),(16,4,4,81,2955434,'36486',162,93,5670,878,208,836,0.282,0.348,0.461,0.81),(16,5,5,81,3232420,'39906',162,103,5503,808,199,767,0.256,0.343,0.429,0.772),(16,6,6,80,1746293,'21828',162,78,5550,686,168,656,0.257,0.317,0.41,0.727),(16,7,7,81,1894085,'23384',162,68,5487,716,164,678,0.256,0.316,0.408,0.724),(16,8,8,81,1591667,'19650',161,94,5484,777,185,733,0.262,0.329,0.43,0.759),(16,9,9,81,2602524,'32130',162,75,5614,845,204,805,0.275,0.336,0.457,0.794),(16,10,10,80,2493859,'31174',161,86,5526,750,211,719,0.267,0.331,0.438,0.769),(16,11,11,81,2306623,'28476',162,84,5545,724,198,689,0.247,0.319,0.417,0.735),(16,12,12,81,2557712,'31576',162,81,5552,675,147,640,0.261,0.312,0.4,0.712),(16,13,13,81,3016142,'37236',162,74,5431,717,156,686,0.26,0.322,0.405,0.726),(16,14,14,81,3703312,'45720',162,91,5518,725,189,680,0.249,0.319,0.409,0.728),(16,15,15,80,1712417,'21406',161,79,5547,655,128,626,0.263,0.322,0.394,0.716),(16,16,16,81,2314614,'28576',162,73,5330,671,194,641,0.244,0.322,0.407,0.729),(16,17,17,81,1963912,'24246',162,59,5618,722,200,690,0.251,0.316,0.421,0.738),(16,18,18,80,2789602,'34870',162,87,5459,671,218,649,0.246,0.316,0.417,0.733),(16,19,19,81,3063405,'37820',162,84,5458,680,183,647,0.252,0.314,0.405,0.72),(16,20,20,81,1521506,'18784',162,69,5500,653,169,634,0.246,0.304,0.395,0.699),(16,21,21,81,1915144,'23644',162,71,5434,610,161,575,0.24,0.301,0.385,0.685),(16,22,22,80,2249021,'28112',162,78,5542,729,153,696,0.257,0.332,0.402,0.734),(16,23,23,81,2351426,'29030',162,68,5419,686,177,654,0.235,0.299,0.39,0.689),(16,24,24,81,2267928,'28000',162,86,5583,768,223,735,0.259,0.326,0.43,0.756),(16,25,25,81,3365256,'41546',162,87,5565,715,130,675,0.258,0.329,0.398,0.728),(16,26,26,81,3444490,'42524',162,86,5548,779,225,745,0.255,0.325,0.443,0.768),(16,27,27,81,1286163,'15878',162,68,5481,672,216,647,0.243,0.307,0.426,0.733),(16,28,28,81,2710402,'33462',162,95,5525,765,215,746,0.262,0.322,0.433,0.755),(16,29,29,81,3392299,'41880',162,89,5479,759,221,728,0.248,0.33,0.426,0.755),(16,30,30,81,2481938,'30642',162,95,5490,763,203,735,0.256,0.326,0.426,0.751),(17,1,1,81,2134375,'26350',162,93,5525,812,220,776,0.254,0.329,0.445,0.774),(17,2,2,81,2505252,'30930',162,72,5584,732,165,706,0.263,0.326,0.412,0.738),(17,3,3,81,2028424,'25042',162,75,5650,743,232,713,0.26,0.312,0.435,0.747),(17,4,4,81,2917678,'36020',162,93,5669,785,168,735,0.258,0.329,0.407,0.736),(17,5,5,81,3199562,'39500',162,92,5496,822,223,785,0.255,0.338,0.437,0.775),(17,6,6,79,1629470,'20626',162,67,5513,706,186,670,0.256,0.314,0.417,0.731),(17,7,7,81,1836917,'22678',162,68,5484,753,219,715,0.253,0.329,0.433,0.761),(17,8,8,81,2048138,'25286',162,102,5511,818,212,780,0.263,0.339,0.449,0.788),(17,9,9,81,2953650,'36464',162,87,5534,824,192,793,0.273,0.338,0.444,0.781),(17,10,10,81,2321599,'28662',162,64,5556,735,187,699,0.258,0.324,0.424,0.748),(17,11,11,81,2403671,'29674',162,101,5611,896,238,854,0.282,0.346,0.478,0.823),(17,12,12,80,2220370,'27754',162,80,5536,702,193,660,0.259,0.311,0.42,0.731),(17,13,13,81,3019583,'37278',162,80,5415,710,186,678,0.243,0.315,0.397,0.712),(17,14,14,81,3765856,'46492',162,104,5408,770,221,730,0.249,0.334,0.437,0.771),(17,15,15,81,1651997,'20396',162,77,5602,778,194,743,0.267,0.331,0.431,0.761),(17,16,16,81,2558722,'31590',162,86,5467,732,224,695,0.249,0.322,0.429,0.751),(17,17,17,80,2051279,'25640',162,85,5557,815,206,781,0.26,0.334,0.434,0.768),(17,18,18,80,2460622,'30758',162,70,5510,735,224,713,0.25,0.32,0.434,0.755),(17,19,19,79,3146966,'39836',162,91,5594,858,241,821,0.262,0.339,0.447,0.785),(17,20,20,80,1475721,'18446',162,75,5464,739,234,708,0.246,0.319,0.436,0.755),(17,21,21,79,1905354,'24118',162,66,5535,690,174,654,0.25,0.315,0.409,0.723),(17,22,22,81,1919447,'23696',162,75,5458,668,151,635,0.244,0.318,0.386,0.704),(17,23,23,81,2138491,'26402',162,71,5356,604,189,576,0.234,0.299,0.393,0.692),(17,24,24,81,2135445,'26364',162,78,5551,750,200,714,0.259,0.325,0.424,0.749),(17,25,25,81,3303652,'40786',162,64,5551,639,128,612,0.249,0.309,0.38,0.689),(17,26,26,81,3447937,'42568',162,83,5470,761,196,728,0.256,0.334,0.426,0.76),(17,27,27,80,1253619,'15670',162,80,5478,694,228,671,0.245,0.317,0.422,0.739),(17,28,28,81,2507760,'30960',162,78,5430,799,237,756,0.244,0.32,0.43,0.75),(17,29,29,81,3203886,'39554',162,76,5499,693,222,661,0.24,0.312,0.412,0.724),(17,30,30,81,2524980,'31172',162,97,5553,819,215,796,0.266,0.332,0.449,0.782),(18,1,1,81,2242695,'27688',162,82,5460,693,176,658,0.235,0.31,0.397,0.707),(18,2,2,81,2555781,'31552',162,90,5582,759,175,717,0.257,0.324,0.417,0.742),(18,3,3,78,1564192,'20054',162,47,5507,622,188,593,0.239,0.298,0.391,0.689),(18,4,4,81,2895575,'35748',162,108,5623,876,208,829,0.268,0.339,0.453,0.792),(18,5,5,82,3181089,'38794',163,95,5624,761,167,722,0.258,0.333,0.41,0.744),(18,6,6,80,1608817,'20110',162,62,5523,656,182,639,0.241,0.302,0.401,0.703),(18,7,7,81,1629356,'20116',162,67,5532,696,172,665,0.254,0.328,0.401,0.729),(18,8,8,80,1926701,'24084',162,91,5595,818,216,786,0.259,0.332,0.434,0.766),(18,9,9,81,3015880,'37234',163,91,5541,780,210,748,0.256,0.322,0.435,0.757),(18,10,10,80,1856970,'23212',162,64,5494,630,135,597,0.241,0.3,0.38,0.68),(18,11,11,81,2980549,'36796',162,103,5453,797,205,763,0.255,0.329,0.425,0.754),(18,12,12,81,1665107,'20556',162,58,5505,638,155,606,0.245,0.305,0.392,0.697),(18,13,13,81,3020216,'37286',162,80,5472,721,214,690,0.242,0.313,0.413,0.726),(18,14,14,82,3857500,'47042',163,92,5572,804,235,756,0.25,0.333,0.442,0.774),(18,15,15,81,811104,'10014',161,63,5488,589,128,554,0.237,0.303,0.357,0.659),(18,16,16,81,2850875,'35196',163,96,5542,754,218,711,0.252,0.323,0.424,0.747),(18,17,17,80,1959197,'24490',162,78,5526,738,166,704,0.25,0.318,0.405,0.723),(18,18,18,79,2224995,'28164',162,77,5468,676,170,649,0.234,0.312,0.389,0.701),(18,19,19,81,3482855,'42998',162,100,5515,851,267,821,0.249,0.329,0.451,0.781),(18,20,20,81,1573616,'19428',162,97,5579,813,227,778,0.252,0.325,0.439,0.764),(18,21,21,79,2158124,'27318',162,80,5424,677,186,653,0.234,0.314,0.393,0.707),(18,22,22,78,1465316,'18786',161,82,5447,692,157,665,0.254,0.317,0.407,0.725),(18,23,23,80,2147000,'26838',162,66,5486,617,162,583,0.235,0.297,0.38,0.677),(18,24,24,81,2299489,'28388',162,89,5513,677,176,644,0.254,0.314,0.408,0.722),(18,25,25,81,3156185,'38966',162,73,5541,603,133,573,0.239,0.3,0.368,0.667),(18,26,26,81,3403587,'42020',162,88,5498,759,205,725,0.249,0.321,0.409,0.73),(18,27,27,81,1154973,'14258',162,90,5475,716,150,664,0.258,0.333,0.406,0.74),(18,28,28,81,2107107,'26014',162,67,5453,737,194,696,0.24,0.318,0.404,0.722),(18,29,29,80,2325281,'29066',162,73,5477,709,217,680,0.244,0.312,0.427,0.739),(18,30,30,80,2529604,'31620',162,82,5517,771,191,737,0.254,0.335,0.419,0.753),(19,1,1,81,2135510,'26364',162,85,5633,813,220,778,0.252,0.323,0.434,0.757),(19,2,2,81,2654920,'32776',162,97,5560,855,249,824,0.258,0.336,0.452,0.789),(19,3,3,80,1307807,'16348',162,54,5596,729,213,698,0.246,0.31,0.415,0.725),(19,4,4,81,2924627,'36106',162,84,5770,901,245,857,0.269,0.34,0.466,0.806),(19,5,5,81,3094865,'38208',162,84,5461,814,256,783,0.252,0.333,0.452,0.785),(19,6,6,76,1629636,'21442',161,72,5529,708,182,676,0.261,0.314,0.414,0.728),(19,7,7,81,1808685,'22330',162,75,5450,701,227,679,0.244,0.317,0.422,0.738),(19,8,8,79,1738642,'22008',162,93,5425,769,223,731,0.25,0.323,0.432,0.756),(19,9,9,81,2993244,'36954',162,71,5660,835,224,803,0.265,0.326,0.456,0.782),(19,10,10,80,1501430,'18768',161,47,5549,582,149,556,0.24,0.294,0.388,0.682),(19,11,11,81,2857367,'35276',162,107,5613,920,288,891,0.274,0.352,0.495,0.848),(19,12,12,80,1479659,'18496',162,59,5496,691,162,655,0.247,0.309,0.401,0.71),(19,13,13,81,3023010,'37322',162,72,5542,769,220,734,0.247,0.324,0.422,0.746),(19,14,14,81,3974309,'49066',162,106,5493,886,279,861,0.257,0.338,0.472,0.81),(19,15,15,81,811302,'10016',162,57,5512,615,146,593,0.241,0.298,0.375,0.673),(19,16,16,81,2923333,'36090',162,89,5542,769,250,744,0.246,0.329,0.438,0.767),(19,17,17,81,2294152,'28322',162,101,5732,939,307,906,0.27,0.338,0.494,0.832),(19,18,18,80,2442532,'30532',162,86,5624,791,242,767,0.257,0.328,0.442,0.77),(19,19,19,79,3304404,'41828',162,103,5583,943,306,904,0.267,0.339,0.49,0.829),(19,20,20,81,1662211,'20522',162,97,5561,845,257,800,0.249,0.327,0.448,0.776),(19,21,21,81,2727421,'33672',162,81,5571,774,215,742,0.246,0.319,0.427,0.746),(19,22,22,81,1491429,'18412',162,69,5657,758,163,722,0.265,0.323,0.42,0.743),(19,23,23,81,2396399,'29586',162,70,5391,682,219,652,0.238,0.308,0.41,0.718),(19,24,24,81,1791937,'22122',162,68,5500,758,239,730,0.237,0.316,0.424,0.74),(19,25,25,81,2707760,'33430',162,77,5579,678,167,655,0.239,0.302,0.392,0.694),(19,26,26,81,3480393,'42968',162,91,5449,764,210,714,0.245,0.324,0.415,0.739),(19,27,27,80,1178735,'14734',162,96,5628,769,217,730,0.254,0.325,0.431,0.757),(19,28,28,81,2133004,'26334',162,78,5540,810,223,765,0.248,0.319,0.431,0.75),(19,29,29,81,1750144,'21606',162,67,5493,726,247,697,0.236,0.305,0.428,0.733),(19,30,30,81,2259781,'27898',162,93,5512,873,231,824,0.265,0.342,0.454,0.796);
/*!40000 ALTER TABLE `mlb_facttable` ENABLE KEYS */;
UNLOCK TABLES;

--
-- Dumping events for database 'mlb_dw'
--

--
-- Dumping routines for database 'mlb_dw'
--
/*!40103 SET TIME_ZONE=@OLD_TIME_ZONE */;

/*!40101 SET SQL_MODE=@OLD_SQL_MODE */;
/*!40014 SET FOREIGN_KEY_CHECKS=@OLD_FOREIGN_KEY_CHECKS */;
/*!40014 SET UNIQUE_CHECKS=@OLD_UNIQUE_CHECKS */;
/*!40101 SET CHARACTER_SET_CLIENT=@OLD_CHARACTER_SET_CLIENT */;
/*!40101 SET CHARACTER_SET_RESULTS=@OLD_CHARACTER_SET_RESULTS */;
/*!40101 SET COLLATION_CONNECTION=@OLD_COLLATION_CONNECTION */;
/*!40111 SET SQL_NOTES=@OLD_SQL_NOTES */;

-- Dump completed on 2019-12-06  9:14:21