RK,TEAM,HOME GMS,HOME TOTAL,HOME AVG,HOME PCT,ROAD GMS,ROAD AVG,ROAD PCT,OVERALL GMS,OVERALL AVG,OVERALL PCT,YEAR
1,Seattle             ,81,"3,507,507","43,302",91.9,81,"31,764",68.1,162,"37,533",80.1,2001
2,San Francisco       ,81,"3,307,686","40,835",100.1,81,"35,260",70.3,162,"38,048",83.7,2001
3,NY Yankees,80,"3,264,777","40,809",74.1,81,"34,787",76.5,161,"37,779",75.2,2001
4,Cleveland           ,80,"3,175,523","39,694",92.6,81,"29,276",65.4,161,"34,452",78.6,2001
5,Colorado            ,81,"3,160,115","39,013",77.7,81,"30,842",63.3,162,"34,928",70.6,2001
6,Baltimore           ,80,"3,094,841","38,685",79.2,81,"28,951",63,161,"33,788",71.2,2001
7,St. Louis           ,81,"3,113,091","38,433",77.3,80,"33,883",75,161,"36,172",76.2,2001
8,LA Dodgers,81,"3,017,502","37,253",66.5,81,"32,910",68.5,162,"35,081",67.4,2001
9,Houston             ,81,"2,904,280","35,855",85,80,"29,305",63.6,161,"32,600",73.9,2001
10,Chicago Cubs,79,"2,779,454","35,182",88.9,81,"34,848",76.1,160,"35,013",82,2001
11,Texas               ,81,"2,831,111","34,951",71.1,80,"28,165",61.6,161,"31,579",66.5,2001
12,Atlanta             ,81,"2,823,494","34,857",69.6,80,"28,794",58.6,161,"31,844",64.2,2001
13,Milwaukee           ,81,"2,811,041","34,704",81.7,79,"29,512",65.1,160,"32,140",73.2,2001
14,Arizona             ,81,"2,744,433","33,881",75.2,80,"32,110",64.9,161,"33,001",69.8,2001
15,NY Mets,81,"2,658,279","32,818",58.8,81,"29,955",61.6,162,"31,387",60.1,2001
16,Boston              ,81,"2,625,333","32,411",96.6,80,"33,760",70.8,161,"33,081",81.5,2001
17,Pittsburgh          ,79,"2,436,290","30,839",80.4,80,"27,509",59.6,159,"29,163",69,2001
18,San Diego           ,80,"2,378,116","29,726",44.8,81,"31,342",66.9,161,"30,539",54,2001
19,Oakland             ,81,"2,133,277","26,336",60.3,80,"28,328",61,161,"27,326",60.7,2001
20,LA Angels,81,"2,000,919","24,702",54.8,81,"30,856",67.1,162,"27,779",61,2001
21,Detroit             ,80,"1,921,305","24,016",60,80,"27,665",61.8,160,"25,841",61,2001
22,Cincinnati          ,79,"1,879,872","23,795",59.5,81,"32,958",71,160,"28,434",65.8,2001
23,Toronto             ,81,"1,915,438","23,647",47.4,80,"27,748",59.6,161,"25,685",53.2,2001
24,Philadelphia        ,78,"1,782,054","22,846",36.6,79,"26,808",56.3,157,"24,840",45.2,2001
25,Minnesota           ,80,"1,782,926","22,286",45.8,81,"28,079",63.7,161,"25,201",54.3,2001
26,Chicago White Sox,80,"1,766,142","22,076",49.8,81,"27,276",61.2,161,"24,692",55.6,2001
27,Kansas City         ,81,"1,536,371","18,967",46.7,80,"27,991",62.5,161,"23,451",54.9,2001
28,Tampa Bay           ,81,"1,298,365","16,029",35.5,81,"28,262",61.7,162,"22,145",48.7,2001
29,Florida             ,80,"1,261,220","15,765",37.1,80,"26,108",52.8,160,"20,936",45.5,2001
30,Montreal            ,81,"619,451","7,647",16.4,80,"26,425",53.3,161,"16,978",35.3,2001
1,Seattle             ,81,"3,540,482","43,709",92.8,81,"27,569",59.8,162,"35,639",76.4,2002
2,NY Yankees,80,"3,461,644","43,270",78.6,81,"36,296",78.9,161,"39,762",78.7,2002
3,San Francisco       ,81,"3,253,205","40,163",98.4,81,"32,979",65.2,162,"36,571",80,2002
4,Arizona             ,81,"3,200,725","39,515",87.7,80,"33,616",68.2,161,"36,584",77.6,2002
5,LA Dodgers,81,"3,131,077","38,655",69,80,"30,533",62.8,161,"34,619",66.1,2002
6,St. Louis           ,81,"3,011,756","37,182",74.8,80,"28,893",64.7,161,"33,063",70,2002
7,NY Mets,78,"2,804,838","35,959",64.5,80,"26,771",54.8,158,"31,307",59.9,2002
8,Chicago Cubs,78,"2,692,071","34,513",87.2,81,"32,368",70.4,159,"33,420",78,2002
9,Colorado            ,81,"2,737,918","33,801",67.3,81,"29,289",60,162,"31,545",63.7,2002
10,Baltimore           ,81,"2,682,917","33,122",67.8,81,"24,933",54.1,162,"29,027",61.1,2002
11,Boston              ,81,"2,650,063","32,716",97.4,80,"30,925",63.7,161,"31,826",77.6,2002
12,Cleveland           ,81,"2,616,940","32,307",75.4,80,"24,061",54,161,"28,210",64.6,2002
13,Atlanta             ,81,"2,603,482","32,141",64.2,79,"26,851",55.3,160,"29,529",59.9,2002
14,Houston             ,81,"2,517,407","31,079",73.7,81,"27,628",60.2,162,"29,353",66.6,2002
15,Texas               ,80,"2,352,447","29,405",59.8,79,"28,494",64.1,159,"28,952",61.8,2002
16,LA Angels,81,"2,305,565","28,463",63.2,80,"26,800",58.2,161,"27,637",60.7,2002
17,San Diego           ,81,"2,220,416","27,412",41.3,80,"30,183",64,161,"28,789",50.7,2002
18,Oakland             ,81,"2,169,811","26,787",61.4,81,"29,829",66,162,"28,308",63.7,2002
19,Milwaukee           ,81,"1,969,693","24,317",57.2,80,"26,396",57.3,161,"25,350",57.3,2002
20,Minnesota           ,81,"1,924,473","23,758",48.8,80,"26,801",59.3,161,"25,270",53.8,2002
21,Cincinnati          ,80,"1,855,973","23,199",58,81,"28,630",61.9,161,"25,931",60.1,2002
22,Pittsburgh          ,79,"1,784,993","22,594",58.9,80,"26,836",58.4,159,"24,728",58.6,2002
23,Chicago White Sox,81,"1,676,804","20,701",46.7,81,"25,627",56.5,162,"23,164",51.7,2002
24,Philadelphia        ,79,"1,618,141","20,482",32.8,81,"27,340",58.2,160,"23,954",43.9,2002
25,Toronto             ,81,"1,636,904","20,208",40,81,"25,759",56.5,162,"22,984",47.8,2002
26,Detroit             ,80,"1,503,623","18,795",47,81,"25,107",55.1,161,"21,970",51.3,2002
27,Kansas City         ,77,"1,323,034","17,182",42.3,81,"26,746",58.6,158,"22,085",51.1,2002
28,Tampa Bay           ,81,"1,065,762","13,157",29.1,80,"26,526",57.7,161,"19,800",43.4,2002
29,Florida             ,81,"813,111","10,038",23.6,79,"25,665",52,160,"17,754",38.7,2002
30,Montreal            ,81,"732,901","9,048",19.5,81,"24,468",49.5,162,"16,758",34.9,2002
1,NY Yankees,81,"3,465,640","42,785",77.7,81,"34,705",77.4,162,"38,745",77.6,2003
2,Seattle,81,"3,268,509","40,351",84.5,80,"27,472",58.3,161,"33,952",71.5,2003
3,San Francisco,81,"3,264,628","40,304",97.1,80,"33,398",67.4,161,"36,872",81,2003
4,LA Dodgers,81,"3,138,626","38,748",69.2,81,"28,680",59.8,162,"33,714",64.9,2003
5,LA Angels,81,"3,061,094","37,791",83.9,81,"27,140",61.2,162,"32,466",72.6,2003
6,Chicago Cubs,80,"2,962,630","37,032",93.6,80,"33,406",73.5,160,"35,219",82.8,2003
7,St. Louis,81,"2,910,366","35,930",71.4,81,"29,120",64.8,162,"32,525",68.2,2003
8,Arizona,81,"2,805,542","34,636",70.6,80,"29,922",61.1,161,"32,293",65.9,2003
9,Boston,81,"2,724,165","33,631",100.2,80,"30,544",64.1,161,"32,097",79.1,2003
10,Atlanta,79,"2,401,084","30,393",60.7,81,"28,309",59.7,160,"29,338",60.2,2003
11,Houston,81,"2,454,241","30,299",74,81,"27,575",59.8,162,"28,937",66.5,2003
12,Baltimore,81,"2,454,118","30,297",62.9,79,"27,645",60.5,160,"28,988",61.7,2003
13,Cincinnati,81,"2,355,259","29,077",69.1,81,"26,778",59.4,162,"27,927",64.1,2003
14,Philadelphia,78,"2,259,903","28,973",46.9,81,"27,021",57.1,159,"27,978",51.4,2003
15,Colorado,81,"2,334,085","28,815",57.1,80,"27,869",57.3,161,"28,345",57.2,2003
16,NY Mets,77,"2,187,291","28,406",49.5,81,"28,286",60.9,158,"28,345",54.7,2003
17,Oakland,81,"2,216,596","27,365",62.7,80,"26,889",58.9,161,"27,129",60.8,2003
18,Texas,81,"2,094,394","25,856",52.6,81,"28,933",64.3,162,"27,395",58.2,2003
19,San Diego,81,"2,027,020","25,024",39.2,80,"29,418",62.2,161,"27,208",48.9,2003
20,Minnesota,81,"1,946,011","24,024",49.4,81,"25,029",55.9,162,"24,527",52.5,2003
21,Chicago White Sox,81,"1,939,594","23,945",54,81,"27,006",59.6,162,"25,476",56.9,2003
22,Kansas City,79,"1,795,859","22,732",56,81,"26,148",56.7,160,"24,461",56.4,2003
23,Toronto,81,"1,799,458","22,215",44,81,"26,174",58,162,"24,194",50.6,2003
24,Cleveland,81,"1,730,001","21,358",49.2,80,"24,487",54.2,161,"22,913",51.8,2003
25,Milwaukee,81,"1,700,354","20,992",50.1,80,"27,566",59.7,161,"24,258",55.1,2003
26,Pittsburgh,78,"1,636,751","20,983",55.4,79,"28,219",60.2,157,"24,624",58,2003
27,Detroit,80,"1,368,245","17,103",42.6,81,"24,205",53.1,161,"20,676",48.2,2003
28,Florida,80,"1,303,214","16,290",44.8,81,"25,675",52.8,161,"21,012",49.4,2003
29,Tampa Bay,81,"1,058,677","13,070",28.9,81,"27,032",59.8,162,"20,051",44.4,2003
30,Montreal,81,"1,025,639","12,662",32.2,78,"26,969",55,159,"19,680",44.6,2003
1,NY Yankees,79,"3,775,292","47,788",83.1,81,"40,847",88.6,160,"44,274",85.6,2004
2,LA Dodgers,81,"3,488,283","43,065",76.9,81,"31,839",70.6,162,"37,452",74.1,2004
3,LA Angels,81,"3,375,677","41,675",92.5,81,"29,524",63.8,162,"35,599",78,2004
4,Philadelphia,80,"3,250,092","40,626",93.4,80,"26,941",59,160,"33,783",75.8,2004
5,San Francisco,81,"3,256,858","40,208",96.8,80,"36,190",78.5,161,"38,211",87.2,2004
6,Chicago Cubs,81,"3,170,184","39,138",98.9,78,"37,100",82.7,159,"38,138",90.5,2004
7,Houston,81,"3,087,872","38,121",93.1,80,"30,762",68.4,161,"34,465",80.3,2004
8,St. Louis,81,"3,048,427","37,634",74.8,81,"30,670",70.7,162,"34,152",72.9,2004
9,San Diego,81,"3,016,752","37,243",88.7,80,"32,349",68.4,161,"34,811",78,2004
10,Seattle,81,"2,940,731","36,305",76,80,"28,261",62.6,161,"32,308",69.5,2004
11,Boston,81,"2,837,304","35,028",96.8,80,"36,002",75.8,161,"35,512",85,2004
12,Baltimore,80,"2,747,573","34,344",70.4,80,"29,492",63.8,160,"31,918",67.2,2004
13,Texas,79,"2,513,685","31,818",64.8,81,"29,271",66.7,160,"30,529",65.7,2004
14,Arizona,81,"2,519,560","31,105",63.4,80,"30,948",67.7,161,"31,027",65.5,2004
15,Colorado,79,"2,338,069","29,595",58.7,81,"31,957",69.4,160,"30,791",63.9,2004
16,Atlanta,79,"2,322,565","29,399",58.7,80,"30,000",68,159,"29,701",63.1,2004
17,NY Mets,80,"2,318,321","28,979",50.5,79,"30,457",69.3,159,"29,713",58.6,2004
18,Cincinnati,81,"2,287,250","28,237",67.1,81,"30,977",70.1,162,"29,607",68.7,2004
19,Oakland,81,"2,201,516","27,179",62.2,81,"31,914",69.7,162,"29,546",66.1,2004
20,Milwaukee,81,"2,062,382","25,461",60.1,79,"29,747",68,160,"27,577",64.1,2004
21,Chicago White Sox,79,"1,930,537","24,437",61.1,81,"25,304",56.7,160,"24,876",58.7,2004
22,Detroit,80,"1,917,004","23,962",59.7,80,"27,359",60.3,160,"25,660",60.1,2004
23,Minnesota,81,"1,911,418","23,597",48.5,80,"26,803",60.8,161,"25,190",54.3,2004
24,Toronto,81,"1,900,041","23,457",46.4,78,"27,272",61.5,159,"25,328",53.3,2004
25,Cleveland,81,"1,814,401","22,400",51.6,81,"27,378",60.7,162,"24,889",56.3,2004
26,Florida,78,"1,723,105","22,091",60.6,81,"29,075",63.6,159,"25,649",62.3,2004
27,Pittsburgh,75,"1,583,031","21,107",55,78,"30,339",70.4,153,"25,813",63.3,2004
28,Kansas City,79,"1,661,478","21,031",51.6,80,"25,665",57.5,159,"23,362",54.7,2004
29,Tampa Bay,79,"1,275,011","16,139",36.6,80,"28,277",61.3,159,"22,246",49.3,2004
30,Montreal,80,"748,550","9,356",23.9,79,"29,306",63.5,159,"19,269",45.2,2004
1,NY Yankees,81,"4,090,692","50,502",87.9,81,"37,007",82.1,162,"43,754",85.3,2005
2,LA Dodgers,81,"3,603,646","44,489",79.4,81,"32,569",72.8,162,"38,529",76.5,2005
3,St. Louis,81,"3,538,988","43,691",86.8,81,"30,612",69.7,162,"37,151",78.8,2005
4,LA Angels,81,"3,404,686","42,033",93.3,80,"30,782",65.6,161,"36,442",79.2,2005
5,San Francisco,81,"3,181,023","39,271",94.6,80,"31,703",68.4,161,"35,511",80.9,2005
6,Chicago Cubs,80,"3,099,992","38,749",98,81,"36,464",81.1,161,"37,600",89,2005
7,San Diego,81,"2,869,787","35,429",83.4,80,"31,642",67.8,161,"33,547",75.2,2005
8,NY Mets,80,"2,829,931","35,374",61.6,81,"35,016",77.8,161,"35,194",68.8,2005
9,Boston,81,"2,847,888","35,159",97.2,81,"37,709",80.6,162,"36,434",87.8,2005
10,Houston,81,"2,804,760","34,626",84.6,80,"30,648",67.5,161,"32,649",75.6,2005
11,Washington,81,"2,731,993","33,728",74.5,80,"32,052",69.6,161,"32,895",72,2005
12,Seattle,81,"2,725,549","33,648",70.4,81,"27,603",61.7,162,"30,626",66.2,2005
13,Philadelphia,80,"2,665,304","33,316",76.6,81,"29,284",63.3,161,"31,287",69.7,2005
14,Baltimore,81,"2,624,740","32,404",67.2,81,"30,412",66.4,162,"31,408",66.8,2005
15,Texas,80,"2,525,221","31,565",64.3,81,"27,127",60.1,161,"29,332",62.2,2005
16,Atlanta,80,"2,521,167","31,514",62.9,81,"32,757",72.8,161,"32,139",67.6,2005
17,Chicago White Sox,81,"2,342,833","28,923",71.2,80,"28,170",62.9,161,"28,549",66.9,2005
18,Milwaukee,81,"2,211,023","27,296",64.4,81,"29,340",65.5,162,"28,318",64.9,2005
19,Oakland,81,"2,109,118","26,038",59.6,81,"29,882",65.7,162,"27,960",62.7,2005
20,Arizona,81,"2,058,718","25,416",51.8,80,"32,323",71.3,161,"28,848",61.1,2005
21,Detroit,80,"2,024,485","25,306",63.1,79,"26,351",57.5,159,"25,825",60.1,2005
22,Minnesota,81,"2,034,243","25,114",51.6,81,"27,375",61.8,162,"26,244",56.4,2005
23,Toronto,81,"2,014,987","24,876",49.2,81,"29,900",65.9,162,"27,388",57.1,2005
24,Cleveland,81,"2,013,763","24,861",57.3,81,"27,432",61.6,162,"26,146",59.5,2005
25,Cincinnati,81,"1,943,068","23,988",57,80,"32,459",73.6,161,"28,197",65.5,2005
26,Colorado,80,"1,914,389","23,929",47.4,81,"31,369",68.8,161,"27,673",57.6,2005
27,Pittsburgh,79,"1,817,245","23,003",60,81,"33,014",72.7,160,"28,071",66.9,2005
28,Florida,81,"1,852,608","22,871",63,80,"32,853",71,161,"27,831",67.4,2005
29,Kansas City,79,"1,371,181","17,356",42.5,81,"26,046",57.7,160,"21,756",50.6,2005
30,Tampa Bay,81,"1,152,793","14,232",32.5,81,"29,233",64.5,162,"21,732",48.8,2005
1,NY Yankees,81,"4,243,780","52,392",91.2,81,"38,028",84.2,162,"45,210",88.1,2006
2,LA Dodgers,81,"3,758,545","46,401",82.9,80,"32,330",71.5,161,"39,409",77.8,2006
3,NY Mets,78,"3,379,535","43,327",75.5,81,"33,642",75.3,159,"38,393",75.4,2006
4,St. Louis,80,"3,407,114","42,588",90.9,81,"33,810",78.2,161,"38,172",84.8,2006
5,LA Angels,81,"3,406,790","42,059",93.4,81,"27,685",60.3,162,"34,872",76.7,2006
6,Chicago Cubs,80,"3,123,215","39,040",94.9,81,"33,817",76.2,161,"36,412",85.1,2006
7,San Francisco,81,"3,129,785","38,639",93,79,"33,269",71.4,160,"35,988",81.7,2006
8,Houston,81,"3,022,763","37,318",91.1,81,"31,489",71.2,162,"34,403",80.8,2006
9,Chicago White Sox,81,"2,957,411","36,511",89.9,81,"30,290",67.9,162,"33,401",78.4,2006
10,Boston,82,"2,967,508","36,189",100,81,"36,099",76.7,163,"36,144",86.9,2006
11,Philadelphia,79,"2,701,815","34,200",78.6,80,"30,596",66.7,159,"32,386",72.4,2006
12,San Diego,81,"2,659,754","32,836",77.3,81,"32,616",69.6,162,"32,726",73.3,2006
13,Detroit,81,"2,595,937","32,048",79.9,81,"29,188",65.5,162,"30,618",72.3,2006
14,Atlanta,80,"2,550,524","31,881",63.6,79,"30,538",67.4,159,"31,214",65.4,2006
15,Seattle,81,"2,481,375","30,634",64.1,81,"28,646",62.8,162,"29,640",63.5,2006
16,Texas,81,"2,388,757","29,490",60,82,"29,613",66.6,163,"29,552",63.2,2006
17,Milwaukee,81,"2,335,643","28,835",68,80,"30,232",68.5,161,"29,529",68.3,2006
18,Toronto,81,"2,302,212","28,422",56.3,81,"28,532",62.6,162,"28,477",59.3,2006
19,Minnesota,81,"2,285,018","28,210",58,81,"27,997",64.2,162,"28,103",60.9,2006
20,Baltimore,81,"2,153,139","26,581",55.2,81,"31,324",67.4,162,"28,953",61.2,2006
21,Washington,81,"2,153,058","26,580",58.7,81,"29,679",64.9,162,"28,130",61.8,2006
22,Cincinnati,81,"2,134,633","26,353",62.7,81,"33,914",76.7,162,"30,134",69.9,2006
23,Colorado,81,"2,104,362","25,979",51.5,81,"32,414",70.8,162,"29,197",60.7,2006
24,Arizona,81,"2,092,189","25,829",52.7,80,"31,437",68.4,161,"28,615",60.2,2006
25,Cleveland,81,"1,997,995","24,666",56.8,81,"30,221",68.2,162,"27,444",62.6,2006
26,Oakland,81,"1,976,625","24,402",55.9,80,"32,191",69.3,161,"28,273",62.8,2006
27,Pittsburgh,80,"1,861,549","23,269",60.7,81,"31,851",70.5,161,"27,587",66,2006
28,Kansas City,80,"1,372,638","17,157",42.1,81,"31,341",70,161,"24,293",56.8,2006
29,Tampa Bay,81,"1,370,963","16,925",38.7,81,"28,627",62.5,162,"22,776",50.8,2006
30,Florida,81,"1,164,134","14,372",39.6,80,"31,347",66.3,161,"22,807",54.6,2006
1,NY Yankees,81,"4,271,083","52,729",91.7,80,"37,227",83.4,161,"45,026",88.1,2007
2,LA Dodgers,81,"3,857,036","47,617",85,81,"33,254",74,162,"40,436",80.1,2007
3,NY Mets,81,"3,853,949","47,579",82.9,81,"35,888",79.5,162,"41,733",81.4,2007
4,St. Louis,81,"3,552,180","43,854",93.6,81,"33,050",75.6,162,"38,452",84.9,2007
5,LA Angels,81,"3,365,632","41,551",92.2,81,"31,209",68,162,"36,380",80,2007
6,Chicago Cubs,81,"3,252,462","40,153",97.7,81,"36,053",80.4,162,"38,103",88.6,2007
7,San Francisco,81,"3,223,217","39,792",95.8,80,"35,580",77.3,161,"37,699",86.1,2007
8,Philadelphia,81,"3,108,325","38,374",88.2,81,"32,836",72,162,"35,605",79.9,2007
9,Detroit,81,"3,047,139","37,619",93.8,81,"30,850",68.3,162,"34,234",80.3,2007
10,Houston,81,"3,020,405","37,288",91.1,81,"32,685",73.3,162,"34,986",81.8,2007
11,Boston,81,"2,971,025","36,679",101.4,81,"38,642",81.5,162,"37,660",90.1,2007
12,Milwaukee,81,"2,869,144","35,421",83.5,81,"32,337",73,162,"33,879",78.1,2007
13,San Diego,81,"2,790,074","34,445",81,82,"34,189",73.5,163,"34,316",77.1,2007
14,Atlanta,81,"2,745,210","33,891",67.7,81,"33,826",75.3,162,"33,858",71.3,2007
15,Chicago White Sox,81,"2,684,395","33,140",81.6,81,"29,132",65.6,162,"31,136",73.3,2007
16,Seattle,81,"2,672,485","32,993",69.1,79,"32,938",72.6,160,"32,966",70.8,2007
17,Texas,79,"2,353,862","29,795",60.7,80,"28,788",66.9,159,"29,289",63.6,2007
18,Toronto,81,"2,360,648","29,143",57.7,81,"31,228",68.3,162,"30,186",62.7,2007
19,Colorado,82,"2,376,250","28,978",57.4,81,"33,754",74.1,163,"31,351",65.3,2007
20,Arizona,81,"2,325,413","28,708",58.5,81,"34,387",74.6,162,"31,548",66.3,2007
21,Cleveland,80,"2,275,916","28,448",65.6,81,"29,435",66.7,161,"28,945",66.1,2007
22,Minnesota,81,"2,296,347","28,349",58.2,81,"30,878",69.9,162,"29,614",63.8,2007
23,Baltimore,80,"2,164,822","27,060",56.2,81,"30,549",66.4,161,"28,815",61.2,2007
24,Cincinnati,81,"2,058,593","25,414",60.4,80,"33,896",76.3,161,"29,629",68.5,2007
25,Washington,81,"1,961,606","24,217",53.5,81,"31,418",68.3,162,"27,818",61,2007
26,Oakland,81,"1,921,834","23,726",54.3,81,"32,710",71.4,162,"28,218",63.1,2007
27,Pittsburgh,79,"1,749,142","22,141",57.7,81,"34,880",76.9,160,"28,590",68.2,2007
28,Kansas City,81,"1,616,867","19,961",48.9,81,"29,057",64.4,162,"24,509",57.1,2007
29,Tampa Bay,81,"1,387,603","17,130",40.6,81,"31,580",68.1,162,"24,355",55,2007
30,Florida,81,"1,370,511","16,919",46.6,81,"31,313",67.7,162,"24,116",58.4,2007
1,NY Yankees,81,"4,298,655","53,069",92.3,81,"35,192",78.4,162,"44,131",86.2,2008
2,NY Mets,79,"4,042,047","51,165",89.1,81,"35,944",80.7,160,"43,459",85.4,2008
3,LA Dodgers,81,"3,730,553","46,056",82.2,81,"34,709",77.8,162,"40,383",80.3,2008
4,St. Louis,81,"3,430,660","42,353",90.4,81,"32,342",75.1,162,"37,348",83,2008
5,Philadelphia,81,"3,422,583","42,254",97.1,81,"33,214",72.7,162,"37,734",84.6,2008
6,LA Angels,81,"3,336,744","41,194",91.4,81,"29,621",65.3,162,"35,407",78.3,2008
7,Chicago Cubs,81,"3,300,200","40,743",99.1,80,"36,328",81.6,161,"38,549",90,2008
8,Detroit,81,"3,202,645","39,538",98.6,80,"29,308",64.7,161,"34,455",80.7,2008
9,Milwaukee,81,"3,068,458","37,882",89.3,81,"33,236",75,162,"35,559",82,2008
10,Boston,81,"3,048,250","37,632",104,81,"38,367",84.1,162,"37,999",92.9,2008
11,San Francisco,81,"2,863,837","35,356",85.1,80,"32,269",69.7,161,"33,822",77,2008
12,Houston,80,"2,779,287","34,741",84.8,81,"32,197",72.4,161,"33,461",78.3,2008
13,Colorado,80,"2,650,218","33,127",65.7,81,"32,777",73.2,161,"32,951",69.2,2008
14,Atlanta,81,"2,532,834","31,269",62.4,79,"34,105",75.6,160,"32,669",68.6,2008
15,Arizona,81,"2,509,924","30,986",63.2,81,"33,945",75.2,162,"32,466",68.9,2008
16,Chicago White Sox,81,"2,501,103","30,877",76,81,"30,253",66.9,162,"30,565",71.2,2008
17,San Diego,81,"2,427,535","29,969",70.5,81,"35,798",76.5,162,"32,883",73.7,2008
18,Toronto,81,"2,399,786","29,626",58.6,80,"30,262",69.7,161,"29,942",63.7,2008
19,Washington,80,"2,320,400","29,005",69.2,80,"32,825",71.4,160,"30,915",70.4,2008
20,Seattle,81,"2,329,702","28,761",60.2,81,"29,822",64.4,162,"29,292",62.2,2008
21,Minnesota,81,"2,302,431","28,425",58.4,81,"29,660",67.6,162,"29,042",62.8,2008
22,Cleveland,80,"2,169,760","27,122",62.5,80,"31,026",68.6,160,"29,074",65.6,2008
23,Cincinnati,81,"2,058,632","25,415",60.4,81,"34,285",76.8,162,"29,850",68.9,2008
24,Baltimore,78,"1,950,075","25,000",51.9,80,"31,653",70,158,"28,369",60.7,2008
25,Texas,80,"1,945,677","24,320",49.5,80,"29,765",66.4,160,"27,043",57.6,2008
26,Tampa Bay,80,"1,780,791","22,259",52.8,80,"30,342",66.5,160,"26,301",60,2008
27,Oakland,81,"1,665,256","20,558",48.3,79,"29,943",65.2,160,"25,192",57,2008
28,Pittsburgh,80,"1,609,076","20,113",52.4,81,"33,700",75.8,161,"26,949",65,2008
29,Kansas City,79,"1,578,922","19,986",49,81,"29,926",66.2,160,"25,018",58.1,2008
30,Florida,80,"1,335,075","16,688",45.9,79,"33,340",71.6,159,"24,962",60.3,2008
1,LA Dodgers,81,"3,761,653","46,440",82.9,81,"33,534",75.9,162,"39,987",79.8,2009
2,NY Yankees,81,"3,674,495","45,364",86.7,81,"34,482",77.5,162,"39,923",82.5,2009
3,Philadelphia,81,"3,600,693","44,453",102.2,80,"30,760",69.4,161,"37,649",85.8,2009
4,St. Louis,81,"3,343,252","41,274",88.1,81,"31,815",74.6,162,"36,545",81.7,2009
5,LA Angels,81,"3,240,374","40,004",88.8,80,"26,552",57.6,161,"33,320",73.1,2009
6,Chicago Cubs,80,"3,168,859","39,610",96.3,81,"34,930",80.1,161,"37,256",87.9,2009
7,NY Mets,81,"3,154,270","38,941",92.7,81,"31,809",72.5,162,"35,375",82.4,2009
8,Boston,81,"3,062,699","37,811",101.5,81,"33,869",73,162,"35,840",85.7,2009
9,Milwaukee,81,"3,037,451","37,499",88.4,81,"30,413",70.1,162,"33,956",79.2,2009
10,San Francisco,81,"2,861,113","35,322",85,80,"32,234",70.2,161,"33,788",77.3,2009
11,Colorado,81,"2,665,080","32,902",65.2,80,"30,938",69,161,"31,926",67,2009
12,Detroit,81,"2,567,185","31,693",79,82,"29,622",67.1,163,"30,651",72.7,2009
13,Houston,81,"2,521,076","31,124",76,81,"30,666",69.2,162,"30,895",72.4,2009
14,Minnesota,82,"2,416,237","29,466",60.5,81,"27,801",63.6,163,"28,638",62,2009
15,Atlanta,81,"2,373,631","29,304",58.5,81,"31,612",73.5,162,"30,458",65.4,2009
16,Chicago White Sox,81,"2,284,164","28,199",69.4,80,"28,723",65.1,161,"28,459",67.2,2009
17,Texas,78,"2,156,016","27,641",56.3,80,"27,629",61.4,158,"27,635",58.8,2009
18,Seattle,81,"2,196,461","27,116",56.8,80,"27,624",60.9,161,"27,368",58.7,2009
19,Arizona,81,"2,128,799","26,281",53.6,80,"30,457",68,161,"28,356",60.4,2009
20,San Diego,81,"1,922,603","23,735",55.8,81,"31,526",68.7,162,"27,631",62.5,2009
21,Baltimore,81,"1,907,163","23,545",48.9,81,"28,108",63.3,162,"25,826",55.8,2009
22,Toronto,81,"1,876,129","23,162",45.9,80,"27,485",61.2,161,"25,310",53,2009
23,Tampa Bay,81,"1,874,962","23,147",52.9,81,"28,643",63,162,"25,895",58,2009
24,Washington,80,"1,817,202","22,715",54.2,81,"31,345",71.3,161,"27,056",63,2009
25,Cleveland,79,"1,776,904","22,492",51.8,81,"27,843",63.9,160,"25,201",58,2009
26,Kansas City,80,"1,797,887","22,473",58.9,81,"27,799",62.9,161,"25,153",61,2009
27,Cincinnati,81,"1,747,919","21,579",51.3,81,"31,492",72.4,162,"26,535",62,2009
28,Pittsburgh,81,"1,577,853","19,479",50.8,80,"30,531",69.2,161,"24,971",60.6,2009
29,Florida,78,"1,464,109","18,770",51.7,81,"30,385",68.4,159,"24,687",61,2009
30,Oakland,81,"1,408,783","17,392",39.8,80,"28,956",63.9,161,"23,138",52,2009
1,NY Yankees,81,"3,765,807","46,491",88.9,81,"34,939",78.2,162,"40,715",83.9,2010
2,Philadelphia,81,"3,647,249","45,027",103.5,81,"32,982",75.6,162,"39,005",89.6,2010
3,LA Dodgers,81,"3,562,320","43,979",78.5,80,"33,806",76.9,161,"38,924",77.8,2010
4,St. Louis,81,"3,301,218","40,755",87,81,"30,687",71,162,"35,721",79.3,2010
5,LA Angels,81,"3,250,816","40,133",89.1,81,"30,257",67.6,162,"35,195",78.4,2010
6,Minnesota,81,"3,223,640","39,798",100.7,81,"27,350",62.6,162,"33,574",80.7,2010
7,Chicago Cubs,81,"3,062,973","37,814",92,81,"32,272",73.6,162,"35,043",82.5,2010
8,Boston,81,"3,046,443","37,610",100.9,81,"32,285",70.1,162,"34,948",83.9,2010
9,San Francisco,81,"3,037,443","37,499",90.3,81,"32,035",69.8,162,"34,767",79.5,2010
10,Colorado,80,"2,875,245","35,940",71.2,81,"31,502",71.1,161,"33,707",71.2,2010
11,Milwaukee,81,"2,776,531","34,278",80.8,80,"30,647",70.3,161,"32,474",75.5,2010
12,NY Mets,79,"2,559,738","32,401",77.1,81,"29,318",68.2,160,"30,841",72.6,2010
13,Atlanta,81,"2,510,119","30,989",61.9,81,"31,203",73.2,162,"31,096",67.1,2010
14,Texas,81,"2,505,171","30,928",63,81,"26,566",61,162,"28,747",62,2010
15,Detroit,81,"2,461,237","30,385",75.7,79,"29,700",67.1,160,"30,047",71.2,2010
16,Houston,81,"2,331,490","28,783",70.3,81,"31,866",72.6,162,"30,325",71.5,2010
17,Chicago White Sox,81,"2,194,378","27,091",66.7,80,"26,311",61,161,"26,703",63.8,2010
18,San Diego,81,"2,131,774","26,318",61.9,81,"31,104",68.4,162,"28,711",65.3,2010
19,Seattle,81,"2,085,488","25,746",53.9,81,"27,809",62.1,162,"26,778",57.9,2010
20,Cincinnati,81,"2,060,550","25,438",60.5,81,"29,781",68.5,162,"27,610",64.6,2010
21,Arizona,81,"2,056,941","25,394",51.8,81,"31,838",71.5,162,"28,616",61.2,2010
22,Tampa Bay,81,"1,843,445","22,758",52,81,"27,187",60.7,162,"24,972",56.4,2010
23,Washington,81,"1,828,066","22,568",53.9,81,"29,665",67.7,162,"26,117",60.9,2010
24,Baltimore,80,"1,733,018","21,662",45,81,"27,687",62.6,161,"24,693",53.4,2010
25,Kansas City,80,"1,615,324","20,191",52.9,81,"27,338",62.5,161,"23,787",58.1,2010
26,Toronto,81,"1,625,555","20,068",39.9,81,"27,773",62.4,162,"23,920",50.5,2010
27,Pittsburgh,81,"1,613,399","19,918",51.9,81,"30,600",69.9,162,"25,259",61.5,2010
28,Florida,81,"1,535,226","18,953",54.2,80,"30,684",69.3,161,"24,782",62.6,2010
29,Oakland,81,"1,418,391","17,511",40.1,81,"29,719",66.5,162,"23,615",53.4,2010
30,Cleveland,80,"1,394,812","17,435",40.2,81,"29,205",68.5,161,"23,357",54.3,2010
1,Philadelphia,81,"3,680,718","45,440",104.1,81,"33,000",75.1,162,"39,220",89.6,2011
2,NY Yankees,81,"3,653,680","45,107",89.7,81,"33,228",78.9,162,"39,167",84.8,2011
3,San Francisco,81,"3,387,303","41,818",99.8,81,"32,757",72.5,162,"37,287",85.6,2011
4,Minnesota,81,"3,168,107","39,112",99,81,"28,949",68.5,162,"34,031",83.3,2011
5,LA Angels,81,"3,166,321","39,090",86.1,81,"26,125",60.7,162,"32,608",73.8,2011
6,St. Louis,81,"3,093,954","38,196",86.9,81,"30,439",71.5,162,"34,318",79.3,2011
7,Milwaukee,81,"3,071,373","37,918",90.5,78,"30,657",71,159,"34,356",80.8,2011
8,Boston,81,"3,054,001","37,703",101.7,81,"31,999",73.3,162,"34,851",86.3,2011
9,Chicago Cubs,81,"3,017,966","37,258",90.5,81,"32,797",76.4,162,"35,028",83.3,2011
10,Texas,81,"2,946,949","36,382",74,80,"28,674",67.5,161,"32,552",71,2011
11,LA Dodgers,81,"2,935,139","36,236",64.7,80,"32,584",74.4,161,"34,421",68.9,2011
12,Colorado,81,"2,909,777","35,923",71.1,80,"30,299",67.6,161,"33,128",69.5,2011
13,Detroit,81,"2,642,045","32,617",79.1,81,"27,629",65.3,162,"30,123",72.1,2011
14,NY Mets,79,"2,378,549","30,108",72,80,"33,079",74.9,159,"31,603",73.5,2011
15,Atlanta,79,"2,372,940","30,037",60.4,81,"31,029",71.7,160,"30,539",65.7,2011
16,Cincinnati,81,"2,213,498","27,327",64.6,80,"33,120",77.2,161,"30,205",70.9,2011
17,San Diego,81,"2,143,018","26,457",62,81,"32,929",72.8,162,"29,693",67.5,2011
18,Arizona,81,"2,105,432","25,992",53.4,81,"30,175",68.3,162,"28,084",60.5,2011
19,Houston,81,"2,067,016","25,518",62.3,81,"28,588",65,162,"27,053",63.7,2011
20,Washington,78,"1,940,478","24,877",59.9,81,"29,484",67,159,"27,224",63.6,2011
21,Chicago White Sox,81,"2,001,117","24,705",60.8,81,"29,256",68.2,162,"26,980",64.6,2011
22,Pittsburgh,80,"1,940,429","24,255",63.2,80,"30,905",70.4,160,"27,580",67.1,2011
23,Seattle,81,"1,896,321","23,411",48.9,81,"27,873",65.9,162,"25,642",56.9,2011
24,Cleveland,81,"1,840,835","22,726",52.3,81,"30,671",72.4,162,"26,698",62.2,2011
25,Toronto,81,"1,818,103","22,445",45.6,81,"27,656",64.6,162,"25,051",54.4,2011
26,Baltimore,80,"1,755,461","21,943",48.3,81,"27,819",66.2,161,"24,899",56.9,2011
27,Kansas City,81,"1,724,450","21,289",56.2,81,"29,257",68.7,162,"25,273",62.8,2011
28,Florida,80,"1,520,562","19,007",48.8,80,"30,834",70.5,160,"24,920",60.3,2011
29,Tampa Bay,81,"1,529,188","18,878",55.4,81,"28,353",65.1,162,"23,616",60.8,2011
30,Oakland,81,"1,476,792","18,232",52,81,"30,476",68.8,162,"24,354",61.4,2011
1,Philadelphia,81,"3,565,718","44,021",100.8,81,"31,749",72.8,162,"37,885",86.9,2012
2,NY Yankees,81,"3,542,406","43,733",87,81,"34,154",82,162,"38,943",84.7,2012
3,Texas,81,"3,460,280","42,719",86.9,80,"28,209",66.7,161,"35,509",77.6,2012
4,San Francisco,81,"3,377,371","41,695",99.5,80,"32,889",72.4,161,"37,320",85.5,2012
5,LA Dodgers,81,"3,324,246","41,040",73.3,80,"32,640",74.4,161,"36,866",73.8,2012
6,St. Louis,81,"3,262,109","40,272",91.6,81,"31,436",72.7,162,"35,854",82.2,2012
7,LA Angels,81,"3,061,770","37,799",83.3,81,"30,831",70.2,162,"34,315",76.8,2012
8,Boston,81,"3,043,003","37,567",101.4,81,"31,038",71.8,162,"34,303",85.5,2012
9,Detroit,81,"3,028,033","37,383",90.6,81,"30,539",73.5,162,"33,961",82,2012
10,Chicago Cubs,81,"2,882,756","35,589",86.5,81,"32,485",75.2,162,"34,037",80.7,2012
11,Milwaukee,81,"2,831,385","34,955",83.4,81,"30,580",71.3,162,"32,767",77.3,2012
12,Minnesota,81,"2,776,354","34,275",86.8,80,"28,306",66.5,161,"31,309",76.3,2012
13,Colorado,81,"2,630,458","32,474",64.3,80,"32,301",72,161,"32,388",67.9,2012
14,Washington,79,"2,370,794","30,010",72.3,81,"33,116",75.6,160,"31,582",74,2012
15,Atlanta,81,"2,420,171","29,878",60.1,81,"31,936",75.2,162,"30,907",67,2012
16,Cincinnati,81,"2,347,251","28,978",68.5,81,"30,784",71.5,162,"29,881",70,2012
17,NY Mets,80,"2,242,803","28,035",67.1,81,"33,720",76.6,161,"30,895",72,2012
18,Miami,81,"2,219,444","27,400",73.2,80,"30,986",70.9,161,"29,182",71.9,2012
19,Arizona,81,"2,177,617","26,884",55.3,81,"32,292",72.2,162,"29,588",63.4,2012
20,Baltimore,79,"2,102,240","26,610",58.6,81,"29,549",68.6,160,"28,098",63.5,2012
21,San Diego,81,"2,123,721","26,218",61.4,81,"31,422",69.4,162,"28,820",65.5,2012
22,Pittsburgh,80,"2,091,918","26,148",68.2,81,"31,307",71.7,161,"28,744",70.1,2012
23,Toronto,81,"2,099,663","25,921",52.6,80,"29,075",69.8,161,"27,488",60.4,2012
24,Chicago White Sox,81,"1,965,955","24,271",59.8,81,"29,983",69.7,162,"27,127",64.9,2012
25,Kansas City,80,"1,739,859","21,748",57.4,81,"27,447",64.7,161,"24,615",61.3,2012
26,Seattle,81,"1,721,920","21,258",44.4,81,"28,262",67,162,"24,760",55,2012
27,Oakland,81,"1,679,013","20,728",60.6,81,"29,978",68,162,"25,353",64.8,2012
28,Houston,81,"1,607,733","19,848",48.5,81,"31,119",72.1,162,"25,483",60.6,2012
29,Cleveland,81,"1,603,596","19,797",45.6,81,"28,285",68.2,162,"24,041",56.6,2012
30,Tampa Bay,81,"1,559,681","19,255",56.5,81,"30,403",69.2,162,"24,829",63.6,2012
1,LA Dodgers,81,"3,743,527","46,216",82.5,81,"35,348",79.3,162,"40,782",81.1,2013
2,St. Louis,81,"3,369,769","41,602",94.6,80,"32,374",75.9,161,"37,016",85.4,2013
3,San Francisco,80,"3,326,796","41,584",99.2,81,"34,977",76.6,161,"38,260",87.3,2013
4,NY Yankees,81,"3,279,589","40,488",80.5,80,"33,632",78.8,161,"37,082",79.7,2013
5,Texas,82,"3,178,273","38,759",78.8,81,"28,121",66.5,163,"33,473",73.2,2013
6,Detroit,81,"3,083,397","38,066",92.3,81,"28,024",67.2,162,"33,045",79.7,2013
7,LA Angels,81,"3,019,505","37,277",82.1,81,"27,588",64.2,162,"32,432",73.4,2013
8,Philadelphia,81,"3,012,403","37,190",85.2,81,"30,463",70.1,162,"33,826",77.7,2013
9,Boston,81,"2,833,333","34,979",94.4,81,"33,045",74.8,162,"34,012",83.7,2013
10,Colorado,81,"2,793,828","34,491",68.3,81,"32,669",72.5,162,"33,580",70.3,2013
11,Washington,81,"2,652,422","32,745",78.9,81,"30,597",70.2,162,"31,671",74.4,2013
12,Chicago Cubs,81,"2,642,682","32,625",79.3,81,"32,159",74.6,162,"32,392",76.9,2013
13,Atlanta,81,"2,548,679","31,465",63.3,81,"30,845",72.2,162,"31,155",67.4,2013
14,Toronto,81,"2,536,562","31,315",63.6,81,"28,039",66,162,"29,677",64.7,2013
15,Cincinnati,81,"2,534,369","31,288",73.9,80,"32,890",75.9,161,"32,084",74.9,2013
16,Milwaukee,81,"2,531,105","31,248",74.6,81,"31,094",71.8,162,"31,171",73.1,2013
17,Minnesota,81,"2,477,644","30,588",77.4,81,"27,022",64.4,162,"28,805",70.7,2013
18,Baltimore,81,"2,357,561","29,105",64.1,81,"28,627",67.4,162,"28,866",65.7,2013
19,Pittsburgh,80,"2,256,862","28,210",73.5,81,"33,488",76.2,161,"30,865",75,2013
20,San Diego,81,"2,166,691","26,749",62.7,81,"32,212",71.5,162,"29,480",67.2,2013
21,NY Mets,80,"2,135,657","26,695",63.9,81,"30,628",69.9,161,"28,674",67,2013
22,Arizona,81,"2,134,795","26,355",54.2,81,"33,054",73.8,162,"29,705",63.6,2013
23,Oakland,81,"1,809,302","22,337",63.7,81,"29,308",67.1,162,"25,822",65.6,2013
24,Chicago White Sox,80,"1,768,413","22,105",54.4,81,"27,333",65,161,"24,735",59.9,2013
25,Seattle,81,"1,761,546","21,747",45.4,81,"28,445",67.5,162,"25,096",55.8,2013
26,Kansas City,81,"1,750,754","21,614",57,81,"27,433",64.7,162,"24,523",61.1,2013
27,Houston,81,"1,651,883","20,393",49.8,81,"27,574",64,162,"23,983",57.1,2013
28,Cleveland,80,"1,572,926","19,661",45.3,80,"28,234",67.8,160,"23,947",56.3,2013
29,Miami,81,"1,586,322","19,584",52.3,80,"30,091",68.9,161,"24,805",61.2,2013
30,Tampa Bay,81,"1,510,300","18,645",54.7,82,"30,154",67.6,163,"24,435",62.1,2013
1,LA Dodgers,81,"3,782,337","46,695",83.4,81,"33,830",79.2,162,"40,262",81.6,2014
2,St. Louis,81,"3,540,649","43,711",99.4,81,"32,022",74.4,162,"37,867",87,2014
3,NY Yankees,80,"3,401,624","42,520",85.7,81,"35,512",85.2,161,"38,994",85.5,2014
4,San Francisco,81,"3,368,697","41,588",99.2,81,"32,936",72.7,162,"37,262",85.5,2014
5,LA Angels,81,"3,095,935","38,221",84.2,80,"28,174",65.1,161,"33,229",74.9,2014
6,Boston,81,"2,956,089","36,494",98.5,81,"31,867",73.6,162,"34,181",85.1,2014
7,Detroit,81,"2,917,209","36,014",87.3,81,"28,800",68,162,"32,407",77.5,2014
8,Milwaukee,81,"2,797,384","34,535",82.4,81,"32,328",75.6,162,"33,432",79,2014
9,Texas,81,"2,718,733","33,564",68.3,81,"27,155",64.3,162,"30,360",66.4,2014
10,Colorado,81,"2,680,329","33,090",65.5,81,"31,659",71.2,162,"32,375",68.2,2014
11,Chicago Cubs,81,"2,652,113","32,742",79.6,81,"33,096",76.4,162,"32,919",77.9,2014
12,Washington,81,"2,579,389","31,844",76.7,81,"29,864",68.8,162,"30,854",72.6,2014
13,Baltimore,80,"2,464,473","30,805",67.8,81,"29,671",70.4,161,"30,235",69,2014
14,Cincinnati,81,"2,476,664","30,576",72.3,81,"32,140",74.1,162,"31,358",73.2,2014
15,Pittsburgh,81,"2,442,564","30,155",78.6,79,"33,316",76.1,160,"31,715",77.3,2014
16,Philadelphia,81,"2,423,852","29,924",68.6,81,"31,136",71.1,162,"30,530",69.9,2014
17,Toronto,81,"2,375,525","29,327",59.5,81,"29,708",71.2,162,"29,518",64.9,2014
18,Atlanta,81,"2,354,305","29,065",58.4,81,"30,804",71.7,162,"29,934",64.6,2014
19,Minnesota,81,"2,250,606","27,785",70.3,79,"26,943",63.6,160,"27,369",66.9,2014
20,San Diego,81,"2,195,373","27,103",63.5,80,"32,877",72,161,"29,972",67.8,2014
21,NY Mets,80,"2,148,808","26,860",64.3,81,"32,217",73.4,161,"29,555",69,2014
22,Arizona,81,"2,073,730","25,601",54,79,"31,481",70.6,160,"28,504",61.9,2014
23,Seattle,81,"2,064,334","25,485",53.2,80,"28,158",66.3,161,"26,813",59.3,2014
24,Oakland,80,"2,003,628","25,045",71.4,81,"28,757",65.6,161,"26,912",68.2,2014
25,Kansas City,81,"1,956,482","24,154",63.7,81,"26,872",62.8,162,"25,513",63.2,2014
26,Houston,81,"1,751,829","21,627",52.8,81,"27,191",63,162,"24,409",58,2014
27,Miami,81,"1,732,283","21,386",57.1,81,"28,892",65.4,162,"25,139",61.6,2014
28,Chicago White Sox,79,"1,650,821","20,896",51.5,81,"28,519",66.7,160,"24,755",59.4,2014
29,Cleveland,78,"1,437,393","18,428",42.4,81,"29,107",68.9,159,"23,868",55.7,2014
30,Tampa Bay,81,"1,446,464","17,857",52.4,81,"28,685",65.8,162,"23,271",59.9,2014
1,LA Dodgers,81,"3,764,815","46,479",83,81,"34,525",78.6,162,"40,502",81.1,2015
2,St. Louis,81,"3,520,889","43,467",98.8,80,"31,317",73.3,161,"37,430",86.4,2015
3,San Francisco,81,"3,375,882","41,677",99.4,81,"34,121",74.9,162,"37,899",86.6,2015
4,NY Yankees,80,"3,193,795","39,922",80.4,81,"31,322",74.8,161,"35,595",77.8,2015
5,LA Angels,81,"3,012,765","37,194",81.9,81,"28,958",66.5,162,"33,076",74.4,2015
6,Chicago Cubs,81,"2,959,812","36,540",88.8,80,"34,422",80.1,161,"35,488",84.4,2015
7,Boston,81,"2,880,694","35,564",94.8,81,"32,263",73.8,162,"33,913",83.5,2015
8,Toronto,81,"2,794,891","34,504",70,79,"27,762",65.8,160,"31,175",68.1,2015
9,Detroit,81,"2,726,048","33,654",81.6,79,"29,719",71.3,160,"31,711",76.5,2015
10,Kansas City,81,"2,708,549","33,438",88.2,81,"27,681",65.4,162,"30,560",76.2,2015
11,Washington,81,"2,619,843","32,343",77.9,80,"30,230",69.6,161,"31,293",73.7,2015
12,NY Mets,81,"2,569,753","31,725",75.9,81,"30,693",69.8,162,"31,209",72.8,2015
13,Milwaukee,81,"2,542,558","31,389",74.9,81,"31,634",73.6,162,"31,511",74.2,2015
14,Colorado,80,"2,506,789","31,334",62.1,81,"30,962",69.3,161,"31,147",65.5,2015
15,Pittsburgh,81,"2,498,596","30,846",80.4,81,"33,049",76.5,162,"31,947",78.3,2015
16,Texas,81,"2,491,875","30,763",62.6,81,"29,073",67.8,162,"29,918",65,2015
17,San Diego,81,"2,459,752","30,367",71.1,81,"31,721",69,162,"31,044",70,2015
18,Cincinnati,81,"2,419,506","29,870",70.6,80,"32,075",74.5,161,"30,965",72.5,2015
19,Baltimore,79,"2,320,590","29,374",65.3,81,"28,714",68.3,160,"29,040",66.8,2015
20,Minnesota,81,"2,220,054","27,408",69.4,80,"29,306",69.8,161,"28,351",69.6,2015
21,Seattle,81,"2,193,581","27,081",56.6,81,"29,052",67.7,162,"28,066",61.8,2015
22,Houston,81,"2,153,585","26,587",64.9,81,"28,121",64.6,162,"27,354",64.7,2015
23,Arizona,81,"2,080,145","25,680",52.8,80,"32,654",72.4,161,"29,146",62.2,2015
24,Atlanta,80,"2,001,392","25,017",50.3,81,"29,699",69.4,161,"27,373",59.2,2015
25,Philadelphia,78,"1,831,080","23,475",53.8,81,"30,906",70.4,159,"27,260",62.3,2015
26,Chicago White Sox,80,"1,755,810","21,947",54,80,"29,030",69.4,160,"25,489",61.9,2015
27,Oakland,81,"1,768,175","21,829",62.3,81,"29,526",66.8,162,"25,677",64.8,2015
28,Miami,81,"1,752,235","21,632",57.8,80,"29,215",66.2,161,"25,400",62.3,2015
29,Cleveland,78,"1,388,905","17,806",41,81,"29,150",70.4,159,"23,585",55.6,2015
30,Tampa Bay,81,"1,247,668","15,403",45.2,81,"28,189",65.1,162,"21,796",56.3,2015
1,LA Dodgers,81,"3,703,312","45,719",81.6,81,"32,959",74.4,162,"39,339",78.5,2016
2,St. Louis,81,"3,444,490","42,524",96.7,80,"31,092",72.3,161,"36,844",84.7,2016
3,Toronto,81,"3,392,299","41,880",85,81,"30,065",71.2,162,"35,972",78.6,2016
4,San Francisco,81,"3,365,256","41,546",99.1,81,"32,164",71.1,162,"36,855",84.6,2016
5,Chicago Cubs,81,"3,232,420","39,906",97,81,"35,052",81.8,162,"37,479",89.2,2016
6,NY Yankees,81,"3,063,405","37,819",76.2,81,"30,940",73.2,162,"34,380",74.8,2016
7,LA Angels,81,"3,016,142","37,236",82,81,"28,676",67.2,162,"32,956",74.8,2016
8,Boston,81,"2,955,434","36,486",97.2,81,"32,290",73.4,162,"34,388",84.4,2016
9,NY Mets,80,"2,789,602","34,870",83.4,80,"30,791",70.1,160,"32,830",76.6,2016
10,Texas,81,"2,710,402","33,461",68.1,81,"27,560",64.7,162,"30,511",66.5,2016
11,Colorado,81,"2,602,524","32,129",63.6,81,"31,464",70.1,162,"31,796",66.7,2016
12,Kansas City,81,"2,557,712","31,576",83.3,81,"27,979",66.3,162,"29,778",74.3,2016
13,Detroit,80,"2,493,859","31,173",75.6,81,"28,313",67.7,161,"29,734",71.6,2016
14,Washington,81,"2,481,938","30,641",73.8,81,"29,664",68.4,162,"30,152",71,2016
15,San Diego,81,"2,351,426","29,029",68,81,"32,847",71.8,162,"30,938",70,2016
16,Milwaukee,81,"2,314,614","28,575",68.2,81,"30,954",71.2,162,"29,764",69.7,2016
17,Houston,81,"2,306,623","28,476",69.5,81,"28,041",65,162,"28,258",67.2,2016
18,Pittsburgh,80,"2,249,021","28,112",73.3,81,"29,999",68.8,161,"29,061",70.9,2016
19,Seattle,81,"2,267,928","27,999",58.5,81,"28,309",67.3,162,"28,154",62.6,2016
20,Baltimore,81,"2,172,344","26,819",59,81,"31,796",73.8,162,"29,307",66.2,2016
21,Arizona,81,"2,036,216","25,138",51.7,81,"32,701",72.9,162,"28,920",61.9,2016
22,Atlanta,81,"2,020,914","24,949",50.8,80,"28,026",66,161,"26,478",57.8,2016
23,Minnesota,81,"1,963,912","24,245",61.4,81,"27,357",64.9,162,"25,801",63.2,2016
24,Philadelphia,81,"1,915,144","23,643",54.2,81,"30,783",70.7,162,"27,213",62.4,2016
25,Cincinnati,81,"1,894,085","23,383",55.3,81,"31,895",73.4,162,"27,639",64.5,2016
26,Chicago White Sox,80,"1,746,293","21,828",53.7,81,"28,188",67.9,161,"25,028",60.9,2016
27,Miami,80,"1,712,417","21,405",57.2,81,"28,510",65.7,161,"24,979",61.8,2016
28,Cleveland,81,"1,591,667","19,650",45.2,79,"26,940",63.9,160,"23,249",54.3,2016
29,Oakland,81,"1,521,506","18,784",53.6,81,"29,511",67.4,162,"24,147",61.2,2016
30,Tampa Bay,81,"1,286,163","15,878",46.6,81,"30,093",67.8,162,"22,985",58.6,2016
1,LA Dodgers,81,"3,765,856","46,492",83,81,"33,579",76.9,162,"40,035",80.3,2017
2,St. Louis,81,"3,447,937","42,567",96.8,81,"31,324",74.3,162,"36,945",85.8,2017
3,San Francisco,81,"3,303,652","40,785",97.3,81,"31,376",69.9,162,"36,081",83.1,2017
4,NY Yankees,79,"3,146,966","39,835",80.2,81,"32,354",76.9,160,"36,048",78.7,2017
5,Toronto,81,"3,203,886","39,554",80.3,81,"29,912",71.4,162,"34,733",76.2,2017
6,Chicago Cubs,81,"3,199,562","39,500",96,81,"34,460",81.2,162,"36,980",88.5,2017
7,LA Angels,81,"3,019,583","37,278",82.1,81,"27,663",65,162,"32,471",73.9,2017
8,Colorado,81,"2,953,650","36,464",72.2,81,"30,575",69.3,162,"33,520",70.8,2017
9,Boston,81,"2,917,678","36,020",95.9,81,"31,563",72.8,162,"33,792",83.5,2017
10,Milwaukee,81,"2,558,722","31,589",75.4,81,"30,530",71.1,162,"31,060",73.2,2017
11,Washington,81,"2,524,980","31,172",75.1,81,"29,967",70.4,162,"30,570",72.7,2017
12,Texas,81,"2,507,760","30,960",63,81,"26,699",63.8,162,"28,829",63.3,2017
13,Atlanta,81,"2,505,252","30,929",75.3,79,"29,230",68.1,160,"30,090",71.7,2017
14,NY Mets,80,"2,460,622","30,757",73.6,81,"30,372",70.3,161,"30,563",71.9,2017
15,Houston,81,"2,403,671","29,674",72.9,79,"27,678",64.3,160,"28,689",68.5,2017
16,Detroit,81,"2,321,599","28,661",69.5,80,"26,725",63.1,161,"27,699",66.3,2017
17,Kansas City,80,"2,220,370","27,754",73.2,80,"28,458",66.2,160,"28,106",69.5,2017
18,San Diego,81,"2,138,491","26,401",61.8,81,"32,161",70.9,162,"29,281",66.5,2017
19,Seattle,81,"2,135,445","26,363",55.1,80,"26,797",62.9,161,"26,579",58.7,2017
20,Arizona,81,"2,134,375","26,350",54.2,81,"31,939",72.3,162,"29,144",62.8,2017
21,Minnesota,80,"2,051,279","25,640",64.9,80,"27,797",65.5,160,"26,719",65.2,2017
22,Cleveland,81,"2,048,138","25,285",58.2,80,"27,729",66.3,161,"26,499",62.2,2017
23,Baltimore,81,"2,028,424","25,042",55.1,81,"29,457",69.7,162,"27,250",62.1,2017
24,Philadelphia,79,"1,905,354","24,118",55.3,81,"30,940",72.3,160,"27,571",63.8,2017
25,Pittsburgh,81,"1,919,447","23,696",62.5,81,"32,633",75.3,162,"28,164",69.4,2017
26,Cincinnati,81,"1,836,917","22,677",53.6,81,"32,094",74.8,162,"27,386",64.3,2017
27,Chicago White Sox,79,"1,629,470","20,626",50.8,81,"28,443",66.4,160,"24,583",58.9,2017
28,Miami,81,"1,651,997","20,395",54.2,80,"29,160",67.4,161,"24,750",61.2,2017
29,Oakland,80,"1,475,721","18,446",52.6,80,"29,466",67.1,160,"23,956",60.7,2017
30,Tampa Bay,80,"1,253,619","15,670",45.6,81,"29,898",68.8,161,"22,828",58.6,2017
1,LA Dodgers,82,"3,857,500","47,042",84,80,"33,239",77.3,162,"40,226",81.1,2018
2,NY Yankees,81,"3,482,855","42,998",86.6,80,"30,685",73.7,161,"36,880",80.8,2018
3,St. Louis,81,"3,403,587","42,019",95.6,81,"29,274",69.4,162,"35,646",82.7,2018
4,San Francisco,81,"3,156,185","38,965",93,81,"33,915",74.9,162,"36,440",83.6,2018
5,Chicago Cubs,82,"3,181,089","38,793",94.3,80,"32,800",76.8,162,"35,834",85.5,2018
6,LA Angels,81,"3,020,216","37,286",82.1,81,"28,034",64.6,162,"32,660",73.6,2018
7,Colorado,81,"3,015,880","37,233",73.7,82,"31,607",70.5,163,"34,402",72.2,2018
8,Houston,81,"2,980,549","36,796",89.8,80,"28,842",65.4,161,"32,844",77.3,2018
9,Boston,81,"2,895,575","35,747",95.3,81,"29,992",69.6,162,"32,870",81.5,2018
10,Milwaukee,81,"2,850,875","35,195",84,81,"29,000",67.8,162,"32,098",75.8,2018
11,Washington,80,"2,529,604","31,620",76.2,80,"28,102",65.3,160,"29,861",70.6,2018
12,Atlanta,81,"2,555,781","31,552",76.8,81,"27,826",65.1,162,"29,689",70.8,2018
13,Toronto,80,"2,325,281","29,066",59,80,"25,152",60.1,160,"27,109",59.5,2018
14,Seattle,81,"2,299,489","28,388",59.3,80,"27,174",63.6,161,"27,785",61.3,2018
15,NY Mets,79,"2,224,995","28,164",67.4,80,"29,795",70.1,159,"28,985",68.7,2018
16,Arizona,81,"2,242,695","27,687",56.9,81,"31,832",71.9,162,"29,760",64.1,2018
17,Philadelphia,79,"2,158,124","27,318",63.4,80,"28,381",66.6,159,"27,853",65,2018
18,San Diego,80,"2,147,000","26,837",64.5,81,"30,730",68.1,161,"28,795",66.4,2018
19,Texas,81,"2,107,107","26,013",52.9,81,"26,470",62,162,"26,241",57.1,2018
20,Minnesota,80,"1,959,197","24,489",63.6,81,"27,017",64.4,161,"25,761",64,2018
21,Cleveland,80,"1,926,701","24,083",55.4,81,"26,088",64.2,161,"25,092",59.7,2018
22,Detroit,80,"1,856,970","23,212",56.3,80,"26,157",62.4,160,"24,685",59.3,2018
23,Kansas City,81,"1,665,107","20,556",54.2,80,"24,262",57.7,161,"22,398",56.1,2018
24,Cincinnati,81,"1,629,356","20,115",47.5,81,"29,918",70.3,162,"25,017",59,2018
25,Chicago White Sox,80,"1,608,817","20,110",50.1,80,"26,240",62.8,160,"23,175",56.6,2018
26,Baltimore,78,"1,564,192","20,053",44.1,81,"27,204",64.2,159,"23,696",54,2018
27,Oakland,81,"1,573,616","19,427",55.4,80,"28,748",65.5,161,"24,058",61,2018
28,Pittsburgh,78,"1,465,316","18,786",49,81,"31,288",72.7,159,"25,155",61.7,2018
29,Tampa Bay,81,"1,154,973","14,258",41.8,80,"26,381",60.8,161,"20,282",52.4,2018
30,Miami,81,"811,104","10,013",26.7,79,"28,917",67.2,160,"19,347",48.1,2018
1,LA Dodgers,81,"3,974,309","49,065",0,81,"33,427",0,162,"41,246",0,2019
2,St. Louis,81,"3,480,393","42,967",0,81,"29,447",0,162,"36,207",0,2019
3,NY Yankees,79,"3,304,404","41,827",0,80,"30,759",0,159,"36,258",0,2019
4,Chicago Cubs,81,"3,094,865","38,208",0,81,"33,454",0,162,"35,831",0,2019
5,LA Angels,81,"3,023,010","37,321",0,81,"26,849",0,162,"32,085",0,2019
6,Colorado,81,"2,993,244","36,953",0,81,"30,528",0,162,"33,741",0,2019
7,Boston,81,"2,924,627","36,106",0,81,"28,027",0,162,"32,066",0,2019
8,Milwaukee,81,"2,923,333","36,090",0,81,"29,727",0,162,"32,909",0,2019
9,Houston,81,"2,857,367","35,276",0,80,"26,302",0,161,"30,817",0,2019
10,Philadelphia,81,"2,727,421","33,671",0,81,"28,958",0,162,"31,315",0,2019
11,San Francisco,81,"2,707,760","33,429",0,81,"32,452",0,162,"32,940",0,2019
12,Atlanta,81,"2,654,920","32,776",0,80,"28,829",0,161,"30,815",0,2019
13,NY Mets,80,"2,442,532","30,531",0,81,"29,425",0,161,"29,975",0,2019
14,San Diego,81,"2,396,399","29,585",0,81,"32,446",0,162,"31,015",0,2019
15,Minnesota,81,"2,294,152","28,322",0,80,"23,505",0,161,"25,928",0,2019
16,Washington,81,"2,259,781","27,898",0,81,"29,054",0,162,"28,476",0,2019
17,Arizona,81,"2,135,510","26,364",0,81,"28,993",0,162,"27,678",0,2019
18,Texas,81,"2,133,004","26,333",0,80,"26,601",0,161,"26,466",0,2019
19,Cincinnati,81,"1,808,685","22,329",0,81,"30,425",0,162,"26,377",0,2019
20,Seattle,81,"1,791,937","22,122",0,81,"26,548",0,162,"24,335",0,2019
21,Cleveland,79,"1,738,642","22,008",0,81,"24,944",0,160,"23,494",0,2019
22,Toronto,81,"1,750,144","21,606",0,81,"25,904",0,162,"23,755",0,2019
23,Chicago White Sox,76,"1,629,636","21,442",0,81,"24,384",0,157,"22,960",0,2019
24,Oakland,81,"1,662,211","20,521",0,81,"27,615",0,162,"24,068",0,2019
25,Detroit,80,"1,501,430","18,767",0,79,"24,826",0,159,"21,778",0,2019
26,Kansas City,80,"1,479,659","18,495",0,80,"25,072",0,160,"21,783",0,2019
27,Pittsburgh,81,"1,491,429","18,412",0,81,"32,070",0,162,"25,241",0,2019
28,Baltimore,80,"1,307,807","16,347",0,78,"25,484",0,158,"20,858",0,2019
29,Tampa Bay,80,"1,178,735","14,734",0,79,"26,067",0,159,"20,365",0,2019
30,Miami,81,"811,302","10,016",0,80,"27,812",0,161,"18,858",0,2019
