RK,TEAM,GP,AB,R,H,2B,3B,HR,TB,RBI,AVG,OBP,SLG,OPS,YEAR
1,Seattle             ,162,5680,927,1637,310,38,169,2530,881,0.288,0.36,0.445,0.805,2001
2,Colorado            ,162,5690,923,1663,324,61,213,2748,874,0.292,0.354,0.483,0.837,2001
3,Cleveland           ,162,5600,897,1559,294,37,212,2563,868,0.278,0.35,0.458,0.807,2001
4,Texas               ,162,5685,890,1566,326,23,246,2676,844,0.275,0.344,0.471,0.815,2001
5,Oakland             ,162,5573,884,1469,334,22,199,2444,835,0.264,0.345,0.439,0.784,2001
6,Houston             ,162,5528,847,1500,313,29,208,2495,805,0.271,0.347,0.451,0.798,2001
7,Arizona             ,162,5595,818,1494,284,35,208,2472,776,0.267,0.341,0.442,0.783,2001
8,St. Louis           ,162,5450,814,1469,274,32,199,2404,768,0.27,0.339,0.441,0.78,2001
9,NY Yankees,161,5577,804,1488,289,20,203,2426,774,0.267,0.334,0.435,0.769,2001
10,San Francisco       ,162,5612,799,1493,304,40,235,2582,775,0.266,0.342,0.46,0.802,2001
11,Chicago Sox,162,5464,798,1463,300,29,214,2463,770,0.268,0.334,0.451,0.785,2001
12,San Diego           ,162,5482,789,1379,273,26,161,2187,753,0.252,0.336,0.399,0.735,2001
13,Chicago Cubs,162,5406,777,1409,268,32,194,2323,748,0.261,0.336,0.43,0.766,2001
14,Boston              ,161,5605,772,1493,316,29,198,2461,739,0.266,0.334,0.439,0.773,2001
15,Minnesota           ,162,5560,771,1514,328,38,164,2410,717,0.272,0.337,0.433,0.77,2001
16,Toronto             ,162,5663,767,1489,287,36,195,2433,728,0.263,0.325,0.43,0.755,2001
17,LA Dodgers,162,5493,758,1399,264,27,206,2335,714,0.255,0.323,0.425,0.748,2001
18,Philadelphia        ,162,5497,746,1431,295,29,164,2276,708,0.26,0.329,0.414,0.743,2001
19,Florida             ,162,5542,742,1461,325,30,166,2344,713,0.264,0.326,0.423,0.749,2001
20,Milwaukee           ,162,5488,740,1378,273,30,209,2338,712,0.251,0.319,0.426,0.745,2001
21,Cincinnati          ,162,5583,735,1464,304,22,176,2340,690,0.262,0.324,0.419,0.744,2001
22,Kansas City         ,162,5643,729,1503,277,37,152,2310,691,0.266,0.318,0.409,0.727,2001
23,Atlanta             ,162,5498,729,1432,263,24,174,2265,696,0.26,0.324,0.412,0.736,2001
24,Detroit             ,162,5537,724,1439,291,60,139,2267,691,0.26,0.32,0.409,0.73,2001
25,LA Angels,162,5551,691,1447,275,26,158,2248,662,0.261,0.327,0.405,0.732,2001
26,Baltimore           ,162,5472,687,1359,262,24,136,2077,663,0.248,0.319,0.38,0.699,2001
27,Tampa Bay           ,162,5524,672,1426,311,21,121,2142,645,0.258,0.32,0.388,0.707,2001
28,Montreal            ,162,5379,670,1361,320,28,131,2130,622,0.253,0.319,0.396,0.715,2001
29,Pittsburgh          ,162,5398,657,1333,256,25,161,2122,618,0.247,0.313,0.393,0.706,2001
30,NY Mets,162,5459,642,1361,273,18,147,2111,608,0.249,0.323,0.387,0.71,2001
1,NY Yankees,161,5601,897,1540,314,12,223,2547,857,0.275,0.354,0.455,0.809,2002
2,Boston              ,162,5640,859,1560,348,33,177,2505,810,0.277,0.345,0.444,0.789,2002
3,Chicago Sox,162,5502,856,1475,289,29,217,2473,819,0.268,0.338,0.449,0.787,2002
4,LA Angels,162,5678,851,1603,333,32,152,2456,811,0.282,0.341,0.433,0.773,2002
5,Texas               ,162,5618,843,1510,304,27,230,2558,806,0.269,0.338,0.455,0.794,2002
6,Arizona             ,162,5508,819,1471,283,41,165,2331,783,0.267,0.346,0.423,0.769,2002
7,Seattle             ,162,5569,814,1531,285,31,152,2334,771,0.275,0.35,0.419,0.769,2002
8,Toronto             ,162,5581,813,1457,305,38,187,2399,771,0.261,0.327,0.43,0.757,2002
9,Oakland             ,162,5558,800,1450,279,28,205,2400,772,0.261,0.339,0.432,0.771,2002
10,St. Louis           ,162,5505,787,1475,285,26,175,2337,758,0.268,0.338,0.425,0.763,2002
11,San Francisco       ,162,5497,783,1465,300,35,198,2429,751,0.267,0.344,0.442,0.786,2002
12,Colorado            ,162,5512,778,1508,283,41,152,2329,726,0.274,0.337,0.423,0.76,2002
13,Minnesota           ,161,5582,768,1518,348,36,167,2439,731,0.272,0.332,0.437,0.769,2002
14,Houston             ,162,5503,749,1441,291,32,167,2297,719,0.262,0.338,0.417,0.755,2002
15,Cleveland           ,162,5423,739,1349,255,26,192,2232,706,0.249,0.321,0.412,0.733,2002
16,Kansas City         ,162,5535,737,1415,285,42,140,2204,695,0.256,0.323,0.398,0.721,2002
17,Montreal            ,162,5479,735,1432,300,36,162,2290,695,0.261,0.334,0.418,0.752,2002
18,LA Dodgers,162,5554,713,1464,286,29,155,2273,693,0.264,0.32,0.409,0.729,2002
19,Philadelphia        ,161,5523,710,1428,325,41,165,2330,676,0.259,0.339,0.422,0.761,2002
20,Cincinnati          ,162,5470,709,1386,297,21,169,2232,678,0.253,0.33,0.408,0.738,2002
21,Atlanta             ,161,5495,708,1428,280,25,164,2250,669,0.26,0.331,0.409,0.741,2002
22,Chicago Cubs,162,5496,706,1351,259,29,200,2268,676,0.246,0.321,0.413,0.734,2002
23,Florida             ,162,5496,699,1433,280,32,146,2215,653,0.261,0.337,0.403,0.74,2002
24,NY Mets,161,5496,690,1409,238,22,160,2171,650,0.256,0.322,0.395,0.717,2002
25,Tampa Bay           ,161,5604,673,1418,297,35,133,2184,640,0.253,0.314,0.39,0.704,2002
26,Baltimore           ,162,5491,667,1353,311,27,165,2213,636,0.246,0.309,0.403,0.712,2002
27,San Diego           ,162,5515,662,1393,243,29,136,2102,627,0.253,0.321,0.381,0.702,2002
28,Pittsburgh          ,161,5330,641,1300,263,20,142,2029,610,0.244,0.319,0.381,0.7,2002
29,Milwaukee           ,162,5415,627,1369,269,29,139,2113,597,0.253,0.32,0.39,0.711,2002
30,Detroit             ,161,5406,575,1340,265,37,124,2051,546,0.248,0.3,0.379,0.679,2002
1,Boston,162,5769,961,1667,371,40,238,2832,932,0.289,0.36,0.491,0.851,2003
2,Atlanta,162,5670,907,1608,321,31,235,2696,872,0.284,0.349,0.475,0.824,2003
3,Toronto,162,5661,894,1580,357,33,190,2573,853,0.279,0.349,0.455,0.803,2003
4,NY Yankees,163,5605,877,1518,304,14,230,2540,845,0.271,0.356,0.453,0.81,2003
5,St. Louis,162,5672,876,1580,342,32,196,2574,827,0.279,0.35,0.454,0.804,2003
6,Colorado,162,5518,853,1472,330,31,198,2458,814,0.267,0.344,0.445,0.79,2003
7,Kansas City,162,5568,836,1526,288,39,162,2378,781,0.274,0.336,0.427,0.763,2003
8,Texas,162,5664,826,1506,274,36,239,2569,799,0.266,0.33,0.454,0.784,2003
9,Houston,162,5583,805,1466,308,30,191,2407,763,0.263,0.336,0.431,0.767,2003
10,Minnesota,162,5655,801,1567,318,45,155,2440,755,0.277,0.341,0.431,0.772,2003
11,Seattle,162,5561,795,1509,290,33,139,2282,759,0.271,0.344,0.41,0.754,2003
12,Chicago Sox,162,5487,791,1445,303,19,220,2446,766,0.263,0.331,0.446,0.777,2003
13,Philadelphia,162,5543,791,1448,325,27,166,2325,757,0.261,0.343,0.419,0.762,2003
14,Oakland,162,5497,768,1398,317,24,176,2291,742,0.254,0.327,0.417,0.743,2003
15,San Francisco,161,5456,755,1440,281,29,180,2319,713,0.264,0.338,0.425,0.763,2003
16,Pittsburgh,162,5581,753,1492,275,45,163,2346,711,0.267,0.338,0.42,0.758,2003
17,Florida,162,5490,751,1459,292,44,157,2310,709,0.266,0.333,0.421,0.754,2003
18,Baltimore,163,5665,743,1516,277,24,152,2297,695,0.268,0.323,0.405,0.729,2003
19,LA Angels,162,5487,736,1473,276,33,150,2265,687,0.268,0.33,0.413,0.743,2003
20,Chicago Cubs,162,5519,724,1431,302,24,172,2297,691,0.259,0.323,0.416,0.739,2003
21,Arizona,162,5570,717,1467,303,47,152,2320,696,0.263,0.33,0.417,0.746,2003
22,Tampa Bay,162,5654,715,1501,298,38,137,2286,678,0.265,0.32,0.404,0.724,2003
23,Milwaukee,162,5548,714,1423,266,24,196,2325,685,0.256,0.329,0.419,0.748,2003
24,Montreal,162,5437,711,1404,294,25,144,2180,682,0.258,0.326,0.401,0.727,2003
25,Cleveland,162,5572,699,1413,296,26,158,2235,660,0.254,0.316,0.401,0.717,2003
26,Cincinnati,162,5509,694,1349,239,21,182,2176,669,0.245,0.318,0.395,0.713,2003
27,San Diego,162,5531,678,1442,257,32,128,2147,641,0.261,0.333,0.388,0.721,2003
28,NY Mets,161,5341,642,1317,262,24,124,1999,607,0.247,0.314,0.374,0.688,2003
29,Detroit,162,5466,591,1312,201,39,153,2050,553,0.24,0.3,0.375,0.675,2003
30,LA Dodgers,162,5458,574,1328,260,25,124,2010,544,0.243,0.303,0.368,0.671,2003
1,Boston,162,5720,949,1613,373,25,222,2702,912,0.282,0.36,0.472,0.832,2004
2,NY Yankees,162,5527,897,1483,281,20,242,2530,863,0.268,0.353,0.458,0.811,2004
3,Chicago Sox,162,5534,865,1481,284,19,242,2529,823,0.268,0.333,0.457,0.79,2004
4,Texas,162,5615,860,1492,323,34,227,2564,825,0.266,0.329,0.457,0.786,2004
5,Cleveland,162,5676,858,1565,345,29,184,2520,820,0.276,0.351,0.444,0.795,2004
6,St. Louis,162,5555,855,1544,319,24,214,2553,817,0.278,0.344,0.46,0.804,2004
7,San Francisco,162,5546,850,1500,314,33,183,2429,805,0.27,0.357,0.438,0.795,2004
8,Baltimore,162,5736,842,1614,319,18,169,2476,803,0.281,0.345,0.432,0.776,2004
9,Philadelphia,162,5643,840,1505,303,23,215,2499,802,0.267,0.345,0.443,0.788,2004
10,LA Angels,162,5675,836,1603,272,37,162,2435,783,0.282,0.341,0.429,0.77,2004
11,Colorado,162,5577,833,1531,331,34,202,2536,795,0.275,0.345,0.455,0.8,2004
12,Detroit,162,5623,827,1531,284,54,201,2526,800,0.272,0.337,0.449,0.786,2004
13,Atlanta,162,5570,803,1503,304,37,178,2415,767,0.27,0.343,0.434,0.777,2004
14,Houston,162,5468,803,1458,294,36,187,2385,756,0.267,0.342,0.436,0.778,2004
15,Oakland,162,5728,793,1545,336,15,189,2478,752,0.27,0.343,0.433,0.776,2004
16,Chicago Cubs,162,5628,789,1508,308,29,235,2579,755,0.268,0.328,0.458,0.786,2004
17,Minnesota,162,5623,780,1494,310,24,191,2425,735,0.266,0.332,0.431,0.763,2004
18,San Diego,162,5573,768,1521,304,32,139,2306,722,0.273,0.342,0.414,0.756,2004
19,LA Dodgers,162,5542,761,1450,226,30,203,2345,731,0.262,0.332,0.423,0.755,2004
20,Cincinnati,162,5518,750,1380,287,28,194,2305,713,0.25,0.331,0.418,0.749,2004
21,Kansas City,162,5538,720,1432,261,29,150,2201,675,0.259,0.322,0.397,0.72,2004
22,Toronto,161,5531,719,1438,290,34,145,2231,680,0.26,0.328,0.403,0.732,2004
23,Florida,162,5486,718,1447,275,32,148,2230,677,0.264,0.329,0.406,0.736,2004
24,Tampa Bay,161,5483,714,1416,278,46,145,2221,685,0.258,0.32,0.405,0.725,2004
25,Seattle,162,5722,698,1544,276,20,136,2268,658,0.27,0.331,0.396,0.727,2004
26,NY Mets,162,5532,684,1376,289,20,185,2260,658,0.249,0.317,0.409,0.726,2004
27,Pittsburgh,161,5483,680,1428,267,39,142,2199,648,0.26,0.321,0.401,0.722,2004
28,Montreal,162,5474,635,1361,276,27,151,2144,605,0.249,0.313,0.392,0.705,2004
29,Milwaukee,161,5483,634,1358,295,32,135,2122,601,0.248,0.321,0.387,0.708,2004
30,Arizona,162,5544,615,1401,295,38,135,2177,582,0.253,0.31,0.393,0.703,2004
1,Boston,162,5626,910,1579,339,21,199,2557,863,0.281,0.357,0.454,0.811,2005
2,NY Yankees,162,5624,886,1552,259,16,229,2530,847,0.276,0.355,0.45,0.805,2005
3,Texas,162,5716,865,1528,311,29,260,2677,834,0.267,0.329,0.468,0.798,2005
4,Cincinnati,163,5565,820,1453,335,15,222,2484,784,0.261,0.339,0.446,0.785,2005
5,Philadelphia,162,5542,807,1494,282,35,167,2347,760,0.27,0.348,0.423,0.772,2005
6,St. Louis,162,5538,805,1494,287,26,170,2343,757,0.27,0.339,0.423,0.762,2005
7,Cleveland,162,5609,790,1522,337,30,207,2540,760,0.271,0.334,0.453,0.787,2005
8,Toronto,162,5581,775,1480,307,39,136,2273,735,0.265,0.331,0.407,0.738,2005
9,Oakland,162,5627,772,1476,310,20,155,2291,739,0.262,0.33,0.407,0.737,2005
10,Atlanta,162,5486,769,1453,308,37,184,2387,733,0.265,0.333,0.435,0.768,2005
11,LA Angels,162,5624,761,1520,278,30,147,2299,726,0.27,0.325,0.409,0.734,2005
12,Tampa Bay,162,5552,750,1519,289,40,157,2359,717,0.274,0.329,0.425,0.754,2005
13,Chicago Sox,162,5529,741,1450,253,23,200,2349,713,0.262,0.322,0.425,0.747,2005
14,Colorado,162,5542,740,1477,280,34,150,2275,704,0.267,0.333,0.411,0.744,2005
15,Baltimore,162,5551,729,1492,296,27,189,2409,700,0.269,0.327,0.434,0.761,2005
16,Milwaukee,162,5448,726,1413,327,19,175,2303,689,0.259,0.331,0.423,0.754,2005
17,Detroit,162,5602,723,1521,283,45,168,2398,678,0.272,0.321,0.428,0.75,2005
18,NY Mets,162,5505,722,1421,279,32,175,2289,683,0.258,0.322,0.416,0.738,2005
19,Florida,162,5502,717,1499,306,32,128,2253,678,0.272,0.339,0.409,0.748,2005
20,Chicago Cubs,162,5584,703,1506,323,23,194,2457,674,0.27,0.324,0.44,0.764,2005
21,Kansas City,162,5503,701,1445,289,34,126,2180,653,0.263,0.32,0.396,0.716,2005
22,Seattle,162,5507,699,1408,289,34,130,2155,657,0.256,0.317,0.391,0.709,2005
23,Arizona,162,5550,696,1419,291,27,191,2337,670,0.256,0.332,0.421,0.754,2005
24,Houston,163,5462,693,1400,281,32,161,2228,654,0.256,0.322,0.408,0.73,2005
25,Minnesota,162,5564,688,1441,269,32,134,2176,644,0.259,0.323,0.391,0.714,2005
26,LA Dodgers,162,5433,685,1374,284,21,149,2147,653,0.253,0.326,0.395,0.721,2005
27,San Diego,162,5502,684,1416,269,39,130,2153,655,0.257,0.333,0.391,0.724,2005
28,Pittsburgh,162,5573,680,1445,292,38,139,2230,656,0.259,0.322,0.4,0.723,2005
29,San Francisco,162,5462,649,1427,299,26,128,2162,617,0.261,0.319,0.396,0.714,2005
30,Washington,162,5426,639,1367,311,32,117,2093,615,0.252,0.322,0.386,0.708,2005
1,NY Yankees,162,5651,930,1608,327,21,210,2607,902,0.285,0.363,0.461,0.824,2006
2,Cleveland,162,5619,870,1576,351,27,196,2569,839,0.28,0.349,0.457,0.806,2006
3,Chicago Sox,162,5657,868,1586,291,20,236,2625,839,0.28,0.342,0.464,0.806,2006
4,Philadelphia,162,5687,865,1518,294,41,216,2542,823,0.267,0.347,0.447,0.794,2006
5,Atlanta,162,5583,849,1510,312,26,222,2540,818,0.27,0.337,0.455,0.791,2006
6,Texas,162,5659,835,1571,357,23,183,2523,799,0.278,0.338,0.446,0.784,2006
7,NY Mets,162,5558,834,1469,323,41,200,2474,800,0.264,0.334,0.445,0.78,2006
8,Detroit,162,5642,822,1548,294,40,203,2531,785,0.274,0.329,0.449,0.777,2006
9,Boston,162,5619,820,1510,327,16,192,2445,777,0.269,0.351,0.435,0.786,2006
10,LA Dodgers,162,5628,820,1552,307,58,153,2434,787,0.276,0.348,0.432,0.781,2006
11,Colorado,162,5562,813,1504,325,54,157,2408,761,0.27,0.341,0.433,0.774,2006
12,Toronto,162,5596,809,1591,348,27,199,2590,778,0.284,0.348,0.463,0.811,2006
13,Minnesota,162,5602,801,1608,275,34,143,2380,754,0.287,0.347,0.425,0.771,2006
14,St. Louis,161,5522,781,1484,292,27,184,2382,745,0.269,0.337,0.431,0.769,2006
15,Arizona,162,5645,773,1506,331,38,160,2393,743,0.267,0.331,0.424,0.755,2006
16,Oakland,162,5500,771,1429,266,22,175,2264,735,0.26,0.34,0.412,0.752,2006
17,Baltimore,162,5610,768,1556,288,20,164,2376,727,0.277,0.339,0.424,0.763,2006
18,LA Angels,162,5609,766,1539,309,29,159,2383,737,0.274,0.334,0.425,0.759,2006
19,Florida,162,5502,758,1454,309,42,182,2393,713,0.264,0.331,0.435,0.766,2006
20,Kansas City,162,5589,757,1515,335,37,124,2296,718,0.271,0.332,0.411,0.743,2006
21,Seattle,162,5670,756,1540,266,42,172,2406,703,0.272,0.325,0.424,0.749,2006
22,Cincinnati,162,5515,749,1419,291,12,217,2385,718,0.257,0.336,0.432,0.768,2006
23,Washington,162,5495,746,1437,322,22,164,2295,695,0.262,0.338,0.418,0.756,2006
24,San Francisco,161,5472,746,1418,297,52,163,2308,711,0.259,0.324,0.422,0.746,2006
25,Houston,162,5521,735,1407,275,27,174,2258,708,0.255,0.332,0.409,0.741,2006
26,San Diego,162,5576,731,1465,298,38,161,2322,698,0.263,0.332,0.416,0.749,2006
27,Milwaukee,162,5433,730,1400,301,20,180,2281,695,0.258,0.327,0.42,0.747,2006
28,Chicago Cubs,162,5587,716,1496,271,46,166,2357,677,0.268,0.319,0.422,0.741,2006
29,Pittsburgh,162,5558,691,1462,286,17,141,2205,656,0.263,0.327,0.397,0.723,2006
30,Tampa Bay,162,5474,689,1395,267,33,190,2298,650,0.255,0.314,0.42,0.733,2006
1,NY Yankees,162,5717,968,1656,326,32,201,2649,929,0.29,0.366,0.463,0.829,2007
2,Philadelphia,162,5688,892,1558,326,41,213,2605,850,0.274,0.354,0.458,0.812,2007
3,Detroit,162,5757,887,1652,352,50,177,2635,857,0.287,0.345,0.458,0.802,2007
4,Boston,162,5589,867,1561,352,35,166,2481,829,0.279,0.362,0.444,0.806,2007
5,Colorado,163,5691,860,1591,313,36,171,2489,823,0.28,0.354,0.437,0.791,2007
6,LA Angels,162,5554,822,1578,324,23,123,2317,776,0.284,0.345,0.417,0.762,2007
7,Texas,162,5555,816,1460,298,36,179,2367,768,0.263,0.328,0.426,0.754,2007
8,Cleveland,162,5604,811,1504,305,27,178,2397,784,0.268,0.343,0.428,0.771,2007
9,Atlanta,162,5689,810,1562,328,27,176,2472,781,0.275,0.339,0.435,0.774,2007
10,NY Mets,162,5605,804,1543,294,27,177,2422,761,0.275,0.342,0.432,0.775,2007
11,Milwaukee,162,5554,801,1455,310,37,231,2532,774,0.262,0.329,0.456,0.785,2007
12,Seattle,162,5684,794,1629,284,22,153,2416,754,0.287,0.337,0.425,0.762,2007
13,Florida,162,5627,790,1504,340,38,201,2523,749,0.267,0.336,0.448,0.784,2007
14,Cincinnati,162,5607,783,1496,293,23,204,2447,747,0.267,0.335,0.436,0.772,2007
15,Tampa Bay,162,5593,782,1500,291,36,187,2424,750,0.268,0.336,0.433,0.769,2007
16,Baltimore,162,5631,756,1529,306,30,142,2321,718,0.272,0.333,0.412,0.746,2007
17,Toronto,162,5536,753,1434,344,24,165,2321,719,0.259,0.327,0.419,0.746,2007
18,Chicago Cubs,162,5643,752,1530,340,28,151,2379,711,0.271,0.333,0.422,0.754,2007
19,Oakland,162,5577,741,1430,295,16,171,2270,711,0.256,0.338,0.407,0.745,2007
20,San Diego,163,5612,741,1408,322,31,171,2305,704,0.251,0.322,0.411,0.732,2007
21,LA Dodgers,162,5614,735,1544,276,35,129,2277,706,0.275,0.337,0.406,0.743,2007
22,St. Louis,162,5529,725,1513,279,13,141,2241,690,0.274,0.337,0.405,0.743,2007
23,Pittsburgh,162,5569,724,1463,322,31,148,2291,694,0.263,0.325,0.411,0.736,2007
24,Houston,162,5605,723,1457,293,30,167,2311,700,0.26,0.33,0.412,0.742,2007
25,Minnesota,162,5522,718,1460,273,36,118,2159,671,0.264,0.33,0.391,0.721,2007
26,Arizona,162,5398,712,1350,286,40,171,2229,687,0.25,0.321,0.413,0.734,2007
27,Kansas City,162,5534,706,1447,300,46,102,2145,660,0.261,0.322,0.388,0.71,2007
28,Chicago Sox,162,5441,693,1341,249,20,190,2200,667,0.246,0.318,0.404,0.722,2007
29,San Francisco,162,5538,683,1407,267,37,131,2141,641,0.254,0.322,0.387,0.708,2007
30,Washington,162,5520,673,1415,309,31,123,2155,646,0.256,0.325,0.39,0.715,2007
1,Texas,162,5728,901,1619,376,35,194,2647,867,0.283,0.354,0.462,0.816,2008
2,Chicago Cubs,161,5588,855,1552,329,21,184,2475,811,0.278,0.354,0.443,0.797,2008
3,Boston,162,5596,845,1565,353,33,173,2503,807,0.28,0.358,0.447,0.805,2008
4,Minnesota,163,5641,829,1572,298,49,111,2301,791,0.279,0.34,0.408,0.748,2008
5,Detroit,162,5641,821,1529,293,41,200,2504,780,0.271,0.34,0.444,0.784,2008
6,Chicago Sox,163,5553,811,1458,296,13,235,2485,785,0.263,0.332,0.448,0.78,2008
7,Cleveland,162,5543,805,1455,339,22,171,2351,772,0.262,0.339,0.424,0.763,2008
8,NY Mets,162,5606,799,1491,274,38,172,2357,751,0.266,0.34,0.42,0.761,2008
9,Philadelphia,162,5509,799,1407,291,36,214,2412,762,0.255,0.332,0.438,0.77,2008
10,NY Yankees,162,5572,789,1512,289,20,180,2381,758,0.271,0.342,0.427,0.769,2008
11,Baltimore,161,5559,782,1486,322,30,172,2384,750,0.267,0.333,0.429,0.762,2008
12,St. Louis,162,5636,779,1585,283,26,174,2442,744,0.281,0.35,0.433,0.783,2008
13,Tampa Bay,162,5541,774,1443,284,37,180,2341,735,0.26,0.34,0.422,0.762,2008
14,Florida,161,5499,770,1397,302,28,208,2379,741,0.254,0.326,0.433,0.759,2008
15,LA Angels,162,5540,765,1486,274,25,159,2287,721,0.268,0.33,0.413,0.743,2008
16,Atlanta,162,5604,753,1514,316,33,130,2286,721,0.27,0.345,0.408,0.753,2008
17,Milwaukee,162,5535,750,1398,324,35,198,2386,722,0.253,0.325,0.431,0.757,2008
18,Colorado,162,5557,747,1462,310,28,160,2308,714,0.263,0.336,0.415,0.751,2008
19,Pittsburgh,162,5628,735,1454,314,21,153,2269,705,0.258,0.32,0.403,0.723,2008
20,Arizona,162,5409,720,1355,318,47,159,2244,683,0.251,0.327,0.415,0.742,2008
21,Toronto,162,5503,714,1453,303,32,126,2198,681,0.264,0.331,0.399,0.731,2008
22,Houston,161,5451,712,1432,284,22,167,2261,684,0.263,0.323,0.415,0.737,2008
23,Cincinnati,162,5465,704,1351,269,24,187,2229,677,0.247,0.321,0.408,0.729,2008
24,LA Dodgers,162,5506,700,1455,271,29,137,2195,659,0.264,0.333,0.399,0.732,2008
25,Kansas City,162,5608,691,1507,303,28,120,2226,650,0.269,0.32,0.397,0.717,2008
26,Seattle,162,5643,671,1498,285,20,124,2195,631,0.265,0.318,0.389,0.707,2008
27,Oakland,161,5451,646,1318,270,23,125,2009,610,0.242,0.318,0.369,0.686,2008
28,Washington,161,5491,641,1376,269,26,117,2048,608,0.251,0.323,0.373,0.696,2008
29,San Francisco,162,5543,640,1452,311,37,94,2119,606,0.262,0.321,0.382,0.703,2008
30,San Diego,162,5568,637,1390,264,27,154,2170,615,0.25,0.317,0.39,0.707,2008
1,NY Yankees,162,5660,915,1604,325,21,244,2703,881,0.283,0.362,0.478,0.839,2009
2,LA Angels,162,5622,883,1604,293,33,173,2482,841,0.285,0.35,0.441,0.792,2009
3,Boston,162,5543,872,1495,335,25,212,2516,822,0.27,0.352,0.454,0.806,2009
4,Philadelphia,162,5578,820,1439,312,35,224,2493,788,0.258,0.334,0.447,0.781,2009
5,Minnesota,163,5608,817,1539,271,40,172,2406,770,0.274,0.345,0.429,0.774,2009
6,Colorado,162,5398,804,1408,300,50,190,2378,760,0.261,0.343,0.441,0.784,2009
7,Tampa Bay,162,5462,803,1434,297,36,199,2400,765,0.263,0.343,0.439,0.782,2009
8,Toronto,162,5696,798,1516,339,13,209,2508,766,0.266,0.333,0.44,0.773,2009
9,Milwaukee,162,5510,785,1447,281,37,182,2348,757,0.263,0.341,0.426,0.767,2009
10,Texas,162,5526,784,1436,296,27,224,2458,748,0.26,0.32,0.445,0.764,2009
11,LA Dodgers,162,5592,780,1511,278,39,145,2302,739,0.27,0.346,0.412,0.758,2009
12,Cleveland,162,5568,773,1468,314,28,161,2321,730,0.264,0.339,0.417,0.756,2009
13,Florida,162,5572,772,1493,296,25,159,2316,727,0.268,0.34,0.416,0.756,2009
14,Oakland,162,5584,759,1464,307,21,135,2218,723,0.262,0.328,0.397,0.726,2009
15,Detroit,163,5540,743,1443,245,35,183,2307,718,0.26,0.331,0.416,0.747,2009
16,Baltimore,162,5618,741,1508,307,19,160,2333,708,0.268,0.332,0.415,0.747,2009
17,Atlanta,162,5539,735,1459,300,20,149,2246,700,0.263,0.339,0.405,0.744,2009
18,St. Louis,162,5465,730,1436,294,29,160,2268,694,0.263,0.332,0.415,0.747,2009
19,Chicago Sox,162,5463,724,1410,246,20,184,2248,695,0.258,0.329,0.411,0.74,2009
20,Arizona,162,5565,720,1408,307,45,173,2324,686,0.253,0.324,0.418,0.742,2009
21,Washington,162,5493,710,1416,271,38,156,2231,685,0.258,0.337,0.406,0.743,2009
22,Chicago Cubs,161,5486,707,1398,293,29,161,2232,678,0.255,0.332,0.407,0.738,2009
23,Kansas City,162,5532,686,1432,276,51,144,2242,657,0.259,0.318,0.405,0.724,2009
24,Cincinnati,162,5462,673,1349,280,25,158,2153,637,0.247,0.318,0.394,0.712,2009
25,NY Mets,162,5453,671,1472,295,49,95,2150,631,0.27,0.335,0.394,0.729,2009
26,San Francisco,162,5493,657,1411,275,43,122,2138,612,0.257,0.309,0.389,0.699,2009
27,Houston,162,5436,643,1415,270,32,142,2175,616,0.26,0.319,0.4,0.719,2009
28,Seattle,162,5543,640,1430,280,19,160,2228,613,0.258,0.314,0.402,0.716,2009
29,San Diego,162,5425,638,1315,265,31,141,2065,605,0.242,0.321,0.381,0.701,2009
30,Pittsburgh,161,5417,636,1364,289,34,125,2096,612,0.252,0.318,0.387,0.705,2009
1,NY Yankees,162,5567,859,1485,275,32,201,2427,823,0.267,0.35,0.436,0.786,2010
2,Boston,162,5646,818,1511,358,22,211,2546,782,0.268,0.339,0.451,0.79,2010
3,Tampa Bay,162,5439,802,1343,295,37,160,2192,769,0.247,0.333,0.403,0.736,2010
4,Cincinnati,162,5579,790,1515,293,30,188,2432,761,0.272,0.338,0.436,0.774,2010
5,Texas,162,5635,787,1556,268,25,162,2360,740,0.276,0.338,0.419,0.757,2010
6,Minnesota,162,5568,781,1521,318,41,142,2347,749,0.273,0.341,0.422,0.762,2010
7,Philadelphia,162,5581,772,1451,290,34,166,2307,736,0.26,0.332,0.413,0.745,2010
8,Colorado,162,5530,770,1452,270,54,173,2349,741,0.263,0.336,0.425,0.76,2010
9,Toronto,162,5495,755,1364,319,21,257,2496,732,0.248,0.312,0.454,0.766,2010
10,Chicago Sox,162,5484,752,1467,263,21,177,2303,710,0.268,0.332,0.42,0.752,2010
11,Detroit,162,5643,751,1515,308,32,152,2343,717,0.268,0.335,0.415,0.75,2010
12,Milwaukee,162,5606,750,1471,293,33,182,2376,710,0.262,0.335,0.424,0.759,2010
13,Atlanta,162,5463,738,1411,312,25,139,2190,699,0.258,0.339,0.401,0.74,2010
14,St. Louis,162,5542,736,1456,285,18,150,2227,689,0.263,0.332,0.402,0.733,2010
15,Florida,162,5531,719,1403,294,37,152,2227,686,0.254,0.321,0.403,0.724,2010
16,Arizona,162,5473,713,1366,301,34,180,2275,691,0.25,0.325,0.416,0.74,2010
17,San Francisco,162,5488,697,1411,284,30,162,2241,660,0.257,0.321,0.408,0.729,2010
18,Chicago Cubs,162,5512,685,1414,298,27,149,2213,658,0.257,0.32,0.401,0.721,2010
19,LA Angels,162,5488,681,1363,276,19,155,2142,656,0.248,0.311,0.39,0.702,2010
20,Kansas City,162,5604,676,1534,279,31,121,2238,640,0.274,0.331,0.399,0.73,2010
21,LA Dodgers,162,5426,667,1368,270,29,120,2056,621,0.252,0.322,0.379,0.7,2010
22,San Diego,162,5434,665,1338,236,24,132,2018,630,0.246,0.317,0.371,0.689,2010
23,Oakland,162,5448,663,1396,276,30,109,2059,619,0.256,0.324,0.378,0.702,2010
24,NY Mets,162,5465,656,1361,266,40,128,2091,625,0.249,0.314,0.383,0.697,2010
25,Washington,162,5418,655,1355,250,31,149,2114,634,0.25,0.318,0.39,0.708,2010
26,Cleveland,162,5487,646,1362,290,20,128,2076,601,0.248,0.322,0.378,0.7,2010
27,Baltimore,162,5554,613,1440,264,21,133,2145,577,0.259,0.316,0.386,0.702,2010
28,Houston,162,5452,611,1348,252,25,108,1974,577,0.247,0.303,0.362,0.665,2010
29,Pittsburgh,162,5386,587,1303,276,27,126,2011,570,0.242,0.304,0.373,0.678,2010
30,Seattle,162,5409,513,1274,227,16,101,1836,485,0.236,0.298,0.339,0.637,2010
1,Boston,162,5710,875,1600,352,35,203,2631,842,0.28,0.349,0.461,0.81,2011
2,NY Yankees,162,5518,867,1452,267,33,222,2451,836,0.263,0.343,0.444,0.788,2011
3,Texas,162,5659,855,1599,310,32,210,2603,807,0.283,0.34,0.46,0.8,2011
4,Detroit,162,5563,787,1540,297,34,169,2412,750,0.277,0.34,0.434,0.773,2011
5,St. Louis,162,5532,762,1513,308,22,162,2351,726,0.273,0.341,0.425,0.766,2011
6,Toronto,162,5559,743,1384,285,34,186,2295,704,0.249,0.317,0.413,0.73,2011
7,Cincinnati,162,5612,735,1438,264,19,183,2289,697,0.256,0.326,0.408,0.734,2011
8,Colorado,162,5544,735,1429,274,40,163,2272,697,0.258,0.329,0.41,0.739,2011
9,Arizona,162,5421,731,1357,293,37,172,2240,702,0.25,0.322,0.413,0.736,2011
10,Kansas City,162,5672,730,1560,325,41,129,2354,705,0.275,0.329,0.415,0.744,2011
11,Milwaukee,162,5447,721,1422,276,31,185,2315,693,0.261,0.325,0.425,0.75,2011
12,NY Mets,162,5600,718,1477,309,39,108,2188,676,0.264,0.335,0.391,0.725,2011
13,Philadelphia,162,5579,713,1409,258,38,153,2202,693,0.253,0.323,0.395,0.717,2011
14,Baltimore,162,5585,708,1434,273,13,191,2306,684,0.257,0.316,0.413,0.729,2011
15,Tampa Bay,162,5436,707,1324,273,37,172,2187,674,0.244,0.322,0.402,0.724,2011
16,Cleveland,162,5509,704,1380,290,26,154,2184,671,0.25,0.317,0.396,0.714,2011
17,LA Angels,162,5513,667,1394,289,34,155,2216,629,0.253,0.313,0.402,0.714,2011
18,Chicago Sox,162,5502,654,1387,252,16,154,2133,625,0.252,0.319,0.388,0.706,2011
19,Chicago Cubs,162,5549,654,1423,285,36,148,2224,610,0.256,0.314,0.401,0.715,2011
20,Oakland,162,5452,645,1330,280,29,114,2010,612,0.244,0.311,0.369,0.68,2011
21,LA Dodgers,161,5436,644,1395,237,28,117,2039,613,0.257,0.322,0.375,0.697,2011
22,Atlanta,162,5528,641,1345,244,16,173,2140,606,0.243,0.308,0.387,0.695,2011
23,Florida,162,5508,625,1358,274,30,149,2139,596,0.247,0.318,0.388,0.706,2011
24,Washington,161,5441,624,1319,257,22,154,2082,594,0.242,0.309,0.383,0.691,2011
25,Minnesota,162,5487,619,1357,259,25,103,1975,572,0.247,0.306,0.36,0.666,2011
26,Houston,162,5598,615,1442,309,28,95,2092,579,0.258,0.311,0.374,0.684,2011
27,Pittsburgh,162,5421,610,1325,277,35,107,1993,580,0.244,0.309,0.368,0.676,2011
28,San Diego,162,5417,593,1284,247,42,91,1888,563,0.237,0.305,0.349,0.653,2011
29,San Francisco,162,5486,570,1327,282,24,121,2020,534,0.242,0.303,0.368,0.671,2011
30,Seattle,162,5421,556,1263,253,22,109,1887,534,0.233,0.292,0.348,0.64,2011
1,Texas,162,5590,808,1526,303,32,200,2493,780,0.273,0.334,0.446,0.78,2012
2,NY Yankees,162,5524,804,1462,280,13,245,2503,774,0.265,0.337,0.453,0.79,2012
3,Milwaukee,162,5557,776,1442,300,39,202,2426,741,0.259,0.325,0.437,0.762,2012
4,LA Angels,162,5536,767,1518,273,22,187,2396,732,0.274,0.332,0.433,0.764,2012
5,St. Louis,162,5622,765,1526,290,37,159,2367,732,0.271,0.338,0.421,0.759,2012
6,Colorado,162,5577,758,1526,306,52,166,2434,716,0.274,0.33,0.436,0.766,2012
7,Chicago Sox,162,5518,748,1409,228,29,211,2328,726,0.255,0.318,0.422,0.74,2012
8,Boston,162,5604,734,1459,339,16,165,2325,695,0.26,0.315,0.415,0.73,2012
9,Arizona,162,5462,734,1416,307,33,165,2284,710,0.259,0.328,0.418,0.746,2012
10,Washington,162,5615,731,1468,301,25,194,2401,688,0.261,0.322,0.428,0.75,2012
11,Detroit,162,5476,726,1467,279,39,163,2313,698,0.268,0.335,0.422,0.757,2012
12,San Francisco,162,5558,718,1495,287,57,103,2205,675,0.269,0.327,0.397,0.724,2012
13,Toronto,162,5487,716,1346,247,22,198,2231,677,0.245,0.309,0.407,0.716,2012
14,Oakland,162,5527,713,1315,267,32,195,2231,676,0.238,0.31,0.404,0.714,2012
15,Baltimore,162,5560,712,1375,270,16,214,2319,677,0.247,0.311,0.417,0.728,2012
16,Minnesota,162,5562,701,1448,270,30,131,2171,667,0.26,0.325,0.39,0.715,2012
17,Atlanta,162,5425,700,1341,263,30,149,2111,660,0.247,0.32,0.389,0.709,2012
18,Tampa Bay,162,5398,697,1293,250,30,175,2128,665,0.24,0.317,0.394,0.711,2012
19,Philadelphia,162,5544,684,1414,271,28,158,2215,659,0.255,0.317,0.4,0.716,2012
20,Kansas City,162,5636,676,1492,295,37,131,2254,643,0.265,0.317,0.4,0.716,2012
21,Cincinnati,162,5477,669,1377,296,30,172,2249,636,0.251,0.315,0.411,0.726,2012
22,Cleveland,162,5525,667,1385,266,24,136,2107,635,0.251,0.324,0.381,0.705,2012
23,Pittsburgh,162,5412,651,1313,241,37,170,2138,620,0.243,0.304,0.395,0.699,2012
24,San Diego,162,5422,651,1339,272,43,121,2060,610,0.247,0.319,0.38,0.699,2012
25,NY Mets,162,5450,650,1357,286,21,139,2102,625,0.249,0.316,0.386,0.701,2012
26,LA Dodgers,162,5438,637,1369,269,23,116,2032,607,0.252,0.317,0.374,0.69,2012
27,Seattle,162,5494,619,1285,241,27,149,2027,584,0.234,0.296,0.369,0.665,2012
28,Chicago Cubs,162,5411,613,1297,265,36,137,2045,570,0.24,0.302,0.378,0.68,2012
29,Miami,162,5437,609,1327,261,39,137,2077,576,0.244,0.308,0.382,0.69,2012
30,Houston,162,5407,583,1276,238,28,146,2008,545,0.236,0.302,0.371,0.673,2012
1,Boston,162,5651,853,1566,363,29,178,2521,819,0.277,0.349,0.446,0.795,2013
2,Detroit,162,5735,796,1625,292,23,176,2491,767,0.283,0.346,0.434,0.78,2013
3,St. Louis,162,5557,783,1494,322,20,125,2231,745,0.269,0.332,0.401,0.733,2013
4,Oakland,162,5521,767,1403,301,25,186,2312,725,0.254,0.327,0.419,0.745,2013
5,Baltimore,162,5620,745,1460,298,14,212,2422,719,0.26,0.313,0.431,0.744,2013
6,Cleveland,162,5465,745,1391,290,23,171,2240,711,0.255,0.327,0.41,0.737,2013
7,LA Angels,162,5588,733,1476,270,39,164,2316,696,0.264,0.329,0.414,0.743,2013
8,Texas,163,5585,730,1465,262,23,176,2301,691,0.262,0.323,0.412,0.735,2013
9,Toronto,162,5537,712,1398,273,24,185,2274,669,0.252,0.318,0.411,0.729,2013
10,Colorado,162,5599,706,1511,283,36,159,2343,673,0.27,0.323,0.418,0.741,2013
11,Tampa Bay,163,5538,700,1421,296,23,165,2258,670,0.257,0.329,0.408,0.737,2013
12,Cincinnati,162,5499,698,1370,274,20,155,2149,664,0.249,0.327,0.391,0.718,2013
13,Atlanta,162,5441,688,1354,247,21,181,2186,656,0.249,0.321,0.402,0.723,2013
14,Arizona,162,5676,685,1468,302,31,130,2222,647,0.259,0.323,0.391,0.715,2013
15,Washington,162,5436,656,1365,259,27,161,2161,621,0.251,0.313,0.398,0.71,2013
16,NY Yankees,162,5449,650,1321,247,24,144,2048,614,0.242,0.307,0.376,0.683,2013
17,LA Dodgers,162,5491,649,1447,281,17,138,2176,618,0.264,0.326,0.396,0.722,2013
18,Kansas City,162,5549,648,1443,254,34,112,2101,620,0.26,0.315,0.379,0.694,2013
19,Milwaukee,162,5474,640,1381,238,43,157,2176,610,0.252,0.311,0.398,0.708,2013
20,Pittsburgh,162,5486,634,1346,273,35,161,2172,603,0.245,0.313,0.396,0.709,2013
21,San Francisco,162,5552,629,1446,280,35,107,2117,596,0.26,0.32,0.381,0.702,2013
22,Seattle,162,5558,624,1318,249,17,188,2165,597,0.237,0.306,0.39,0.695,2013
23,NY Mets,162,5559,619,1318,263,32,130,2035,593,0.237,0.306,0.366,0.672,2013
24,San Diego,162,5517,618,1349,246,26,146,2085,578,0.245,0.308,0.378,0.686,2013
25,Minnesota,162,5564,614,1346,285,15,151,2114,590,0.242,0.312,0.38,0.692,2013
26,Houston,162,5457,610,1307,266,16,148,2049,566,0.24,0.299,0.375,0.674,2013
27,Philadelphia,162,5456,610,1355,255,32,140,2094,578,0.248,0.306,0.384,0.69,2013
28,Chicago Cubs,162,5498,602,1307,297,18,172,2156,576,0.238,0.3,0.392,0.693,2013
29,Chicago Sox,162,5563,598,1385,237,19,148,2104,574,0.249,0.302,0.378,0.68,2013
30,Miami,162,5449,513,1257,219,31,95,1823,485,0.231,0.293,0.335,0.627,2013
1,LA Angels,162,5652,773,1464,304,31,155,2295,729,0.259,0.322,0.406,0.728,2014
2,Detroit,162,5630,757,1557,325,26,155,2399,731,0.277,0.331,0.426,0.757,2014
3,Colorado,162,5612,755,1551,307,41,186,2498,721,0.276,0.327,0.445,0.772,2014
4,Oakland,162,5545,729,1354,253,33,146,2111,686,0.244,0.32,0.381,0.7,2014
5,Toronto,162,5549,723,1435,282,24,177,2296,690,0.259,0.323,0.414,0.736,2014
6,LA Dodgers,162,5560,718,1476,302,38,134,2256,686,0.265,0.333,0.406,0.738,2014
7,Minnesota,162,5567,715,1412,316,27,128,2166,675,0.254,0.324,0.389,0.713,2014
8,Baltimore,162,5596,705,1434,264,16,211,2363,681,0.256,0.311,0.422,0.734,2014
9,Washington,162,5542,686,1403,265,27,152,2178,635,0.253,0.321,0.393,0.714,2014
10,Pittsburgh,162,5536,682,1436,275,30,156,2239,659,0.259,0.33,0.404,0.734,2014
11,Cleveland,162,5575,669,1411,284,23,142,2167,644,0.253,0.317,0.389,0.706,2014
12,San Francisco,162,5523,665,1407,257,42,132,2144,636,0.255,0.311,0.388,0.699,2014
13,Chicago Sox,162,5543,660,1400,279,32,155,2208,625,0.253,0.31,0.398,0.708,2014
14,Kansas City,162,5545,651,1456,286,29,95,2085,604,0.263,0.314,0.376,0.69,2014
15,Milwaukee,162,5462,650,1366,297,28,150,2169,617,0.25,0.311,0.397,0.708,2014
16,Miami,162,5538,645,1399,254,36,122,2091,614,0.253,0.317,0.378,0.694,2014
17,Texas,162,5460,637,1400,260,28,111,2049,597,0.256,0.314,0.375,0.689,2014
18,Boston,162,5551,634,1355,282,20,123,2046,601,0.244,0.316,0.369,0.684,2014
19,Seattle,162,5450,634,1328,247,32,136,2047,600,0.244,0.3,0.376,0.676,2014
20,NY Yankees,162,5497,633,1349,247,26,147,2089,591,0.245,0.307,0.38,0.687,2014
21,Houston,162,5447,629,1317,240,19,163,2084,596,0.242,0.309,0.383,0.692,2014
22,NY Mets,162,5472,629,1306,275,19,125,1994,602,0.239,0.308,0.364,0.673,2014
23,Philadelphia,162,5603,619,1356,251,27,125,2036,584,0.242,0.302,0.363,0.665,2014
24,St. Louis,162,5426,619,1371,275,21,105,2003,585,0.253,0.32,0.369,0.689,2014
25,Arizona,162,5552,615,1379,259,47,118,2086,573,0.248,0.302,0.376,0.678,2014
26,Chicago Cubs,162,5508,614,1315,270,31,157,2118,590,0.239,0.3,0.385,0.684,2014
27,Tampa Bay,162,5516,612,1361,263,24,117,2023,586,0.247,0.317,0.367,0.684,2014
28,Cincinnati,162,5395,595,1282,254,20,131,1969,562,0.238,0.296,0.365,0.661,2014
29,Atlanta,162,5468,573,1316,240,22,123,1969,545,0.241,0.305,0.36,0.665,2014
30,San Diego,162,5294,535,1199,224,30,109,1810,500,0.226,0.292,0.342,0.634,2014
1,Toronto,162,5509,891,1480,308,17,232,2518,852,0.269,0.34,0.457,0.797,2015
2,NY Yankees,162,5567,764,1397,272,19,212,2343,737,0.251,0.323,0.421,0.744,2015
3,Texas,162,5511,751,1419,279,32,172,2278,707,0.257,0.325,0.413,0.739,2015
4,Boston,162,5640,748,1496,294,33,161,2339,706,0.265,0.325,0.415,0.74,2015
5,Colorado,162,5572,737,1479,274,49,186,2409,702,0.265,0.315,0.432,0.748,2015
6,Houston,162,5459,729,1363,278,26,230,2383,691,0.25,0.315,0.437,0.752,2015
7,Kansas City,162,5575,724,1497,300,42,139,2298,689,0.269,0.322,0.412,0.734,2015
8,Arizona,162,5649,720,1494,289,48,154,2341,680,0.264,0.324,0.414,0.738,2015
9,Baltimore,162,5485,713,1370,246,20,217,2307,686,0.25,0.307,0.421,0.728,2015
10,Washington,162,5428,703,1363,265,13,177,2185,665,0.251,0.321,0.403,0.724,2015
11,Pittsburgh,162,5631,697,1462,292,27,140,2228,661,0.26,0.323,0.396,0.719,2015
12,Minnesota,162,5467,696,1349,277,44,156,2182,661,0.247,0.305,0.399,0.704,2015
13,San Francisco,162,5565,696,1486,288,39,136,2260,663,0.267,0.326,0.406,0.732,2015
14,Oakland,162,5600,694,1405,277,46,146,2212,661,0.251,0.312,0.395,0.707,2015
15,Detroit,161,5605,689,1515,289,49,151,2355,660,0.27,0.328,0.42,0.748,2015
16,Chicago Cubs,162,5491,689,1341,272,30,171,2186,657,0.244,0.321,0.398,0.719,2015
17,NY Mets,162,5527,683,1351,295,17,177,2211,654,0.244,0.312,0.4,0.712,2015
18,Cleveland,161,5439,669,1395,303,29,141,2179,640,0.256,0.325,0.401,0.725,2015
19,LA Dodgers,162,5385,667,1346,263,26,187,2222,638,0.25,0.326,0.413,0.739,2015
20,LA Angels,162,5417,661,1331,243,21,176,2144,621,0.246,0.307,0.396,0.702,2015
21,Seattle,162,5544,656,1379,262,22,198,2279,624,0.249,0.311,0.411,0.722,2015
22,Milwaukee,162,5480,655,1378,274,34,145,2155,624,0.251,0.307,0.393,0.7,2015
23,San Diego,162,5457,650,1324,260,36,148,2100,623,0.243,0.3,0.385,0.685,2015
24,St. Louis,162,5484,647,1386,288,39,137,2163,619,0.253,0.321,0.394,0.716,2015
25,Tampa Bay,162,5485,644,1383,278,32,167,2226,612,0.252,0.314,0.406,0.72,2015
26,Cincinnati,162,5571,640,1382,257,27,167,2194,613,0.248,0.312,0.394,0.706,2015
27,Philadelphia,162,5529,626,1374,272,37,130,2110,586,0.249,0.303,0.382,0.684,2015
28,Chicago Sox,162,5533,622,1381,260,27,136,2103,595,0.25,0.306,0.38,0.686,2015
29,Miami,162,5463,613,1420,236,40,120,2096,575,0.26,0.31,0.384,0.694,2015
30,Atlanta,162,5420,573,1361,251,18,100,1948,548,0.251,0.314,0.359,0.674,2015
1,Boston,162,5670,878,1598,343,25,208,2615,836,0.282,0.348,0.461,0.81,2016
2,Colorado,162,5614,845,1544,318,47,204,2568,805,0.275,0.336,0.457,0.794,2016
3,Chicago Cubs,162,5503,808,1409,293,30,199,2359,767,0.256,0.343,0.429,0.772,2016
4,St. Louis,162,5548,779,1416,300,32,225,2455,745,0.255,0.325,0.443,0.768,2016
5,Cleveland,161,5484,777,1435,308,29,185,2356,733,0.262,0.329,0.43,0.759,2016
6,Seattle,162,5583,768,1446,251,17,223,2400,735,0.259,0.326,0.43,0.756,2016
7,Texas,162,5525,765,1446,257,23,215,2394,746,0.262,0.322,0.433,0.755,2016
8,Washington,162,5490,763,1403,268,29,203,2338,735,0.256,0.326,0.426,0.751,2016
9,Toronto,162,5479,759,1358,276,18,221,2333,728,0.248,0.33,0.426,0.755,2016
10,Arizona,162,5665,752,1479,285,56,190,2446,709,0.261,0.32,0.432,0.752,2016
11,Detroit,161,5526,750,1476,252,30,211,2421,719,0.267,0.331,0.438,0.769,2016
12,Baltimore,162,5524,744,1413,265,6,253,2449,710,0.256,0.317,0.443,0.76,2016
13,Pittsburgh,162,5542,729,1426,277,32,153,2226,696,0.257,0.332,0.402,0.734,2016
14,LA Dodgers,162,5518,725,1375,272,21,189,2256,680,0.249,0.319,0.409,0.728,2016
15,Houston,162,5545,724,1367,291,29,198,2310,689,0.247,0.319,0.417,0.735,2016
16,Minnesota,162,5618,722,1409,288,35,200,2367,690,0.251,0.316,0.421,0.738,2016
17,LA Angels,162,5431,717,1410,279,20,156,2197,686,0.26,0.322,0.405,0.726,2016
18,Cincinnati,162,5487,716,1403,277,33,164,2238,678,0.256,0.316,0.408,0.724,2016
19,San Francisco,162,5565,715,1437,280,54,130,2215,675,0.258,0.329,0.398,0.728,2016
20,Chicago Sox,162,5550,686,1428,277,33,168,2275,656,0.257,0.317,0.41,0.727,2016
21,San Diego,162,5419,686,1275,257,26,177,2115,654,0.235,0.299,0.39,0.689,2016
22,NY Yankees,162,5458,680,1377,245,20,183,2211,647,0.252,0.314,0.405,0.72,2016
23,Kansas City,162,5552,675,1450,264,33,147,2221,640,0.261,0.312,0.4,0.712,2016
24,Tampa Bay,162,5481,672,1333,288,32,216,2333,647,0.243,0.307,0.426,0.733,2016
25,Milwaukee,162,5330,671,1299,249,19,194,2168,641,0.244,0.322,0.407,0.729,2016
26,NY Mets,162,5459,671,1342,240,19,218,2274,649,0.246,0.316,0.417,0.733,2016
27,Miami,161,5547,655,1460,259,42,128,2187,626,0.263,0.322,0.394,0.716,2016
28,Oakland,162,5500,653,1352,270,21,169,2171,634,0.246,0.304,0.395,0.699,2016
29,Atlanta,161,5514,649,1404,295,27,122,2119,615,0.255,0.321,0.384,0.705,2016
30,Philadelphia,162,5434,610,1306,231,35,161,2090,575,0.24,0.301,0.385,0.685,2016
1,Houston,162,5611,896,1581,346,20,238,2681,854,0.282,0.346,0.478,0.823,2017
2,NY Yankees,162,5594,858,1463,266,23,241,2498,821,0.262,0.339,0.447,0.785,2017
3,Colorado,162,5534,824,1510,293,38,192,2455,793,0.273,0.338,0.444,0.781,2017
4,Chicago Cubs,162,5496,822,1402,274,29,223,2403,785,0.255,0.338,0.437,0.775,2017
5,Washington,162,5553,819,1477,311,31,215,2495,796,0.266,0.332,0.449,0.782,2017
6,Cleveland,162,5511,818,1449,333,29,212,2476,780,0.263,0.339,0.449,0.788,2017
7,Minnesota,162,5557,815,1444,286,31,206,2410,781,0.26,0.334,0.434,0.768,2017
8,Arizona,162,5525,812,1405,314,39,220,2457,776,0.254,0.329,0.445,0.774,2017
9,Texas,162,5430,799,1326,255,21,237,2334,756,0.244,0.32,0.43,0.75,2017
10,Boston,162,5669,785,1461,302,19,168,2305,735,0.258,0.329,0.407,0.736,2017
11,Miami,162,5602,778,1497,271,31,194,2412,743,0.267,0.331,0.431,0.761,2017
12,LA Dodgers,162,5408,770,1347,312,20,221,2362,730,0.249,0.334,0.437,0.771,2017
13,St. Louis,162,5470,761,1402,284,28,196,2330,728,0.256,0.334,0.426,0.76,2017
14,Cincinnati,162,5484,753,1390,249,38,219,2372,715,0.253,0.329,0.433,0.761,2017
15,Seattle,162,5551,750,1436,281,17,200,2351,714,0.259,0.325,0.424,0.749,2017
16,Baltimore,162,5650,743,1469,269,12,232,2458,713,0.26,0.312,0.435,0.747,2017
17,Oakland,162,5464,739,1344,305,15,234,2381,708,0.246,0.319,0.436,0.755,2017
18,Detroit,162,5556,735,1435,289,35,187,2355,699,0.258,0.324,0.424,0.748,2017
19,NY Mets,162,5510,735,1379,286,28,224,2393,713,0.25,0.32,0.434,0.755,2017
20,Milwaukee,162,5467,732,1363,267,22,224,2346,695,0.249,0.322,0.429,0.751,2017
21,Atlanta,162,5584,732,1467,289,26,165,2303,706,0.263,0.326,0.412,0.738,2017
22,LA Angels,162,5415,710,1314,251,14,186,2151,678,0.243,0.315,0.397,0.712,2017
23,Chicago Sox,162,5513,706,1412,256,37,186,2300,670,0.256,0.314,0.417,0.731,2017
24,Kansas City,162,5536,702,1436,260,24,193,2323,660,0.259,0.311,0.42,0.731,2017
25,Tampa Bay,162,5478,694,1340,226,32,228,2314,671,0.245,0.317,0.422,0.739,2017
26,Toronto,162,5499,693,1320,269,5,222,2265,661,0.24,0.312,0.412,0.724,2017
27,Philadelphia,162,5535,690,1382,287,36,174,2263,654,0.25,0.315,0.409,0.723,2017
28,Pittsburgh,162,5458,668,1331,249,36,151,2105,635,0.244,0.318,0.386,0.704,2017
29,San Francisco,162,5551,639,1382,290,28,128,2112,612,0.249,0.309,0.38,0.689,2017
30,San Diego,162,5356,604,1251,227,31,189,2107,576,0.234,0.299,0.393,0.692,2017
1,Boston,162,5623,876,1509,355,31,208,2550,829,0.268,0.339,0.453,0.792,2018
2,NY Yankees,162,5515,851,1374,269,23,267,2490,821,0.249,0.329,0.451,0.781,2018
3,Cleveland,162,5595,818,1447,297,19,216,2430,786,0.259,0.332,0.434,0.766,2018
4,Oakland,162,5579,813,1407,322,20,227,2450,778,0.252,0.325,0.439,0.764,2018
5,LA Dodgers,163,5572,804,1394,296,33,235,2461,756,0.25,0.333,0.442,0.774,2018
6,Houston,162,5453,797,1390,278,18,205,2319,763,0.255,0.329,0.425,0.754,2018
7,Colorado,163,5541,780,1418,280,42,210,2412,748,0.256,0.322,0.435,0.757,2018
8,Washington,162,5517,771,1402,284,25,191,2309,737,0.254,0.335,0.419,0.753,2018
9,Chicago Cubs,163,5624,761,1453,286,34,167,2308,722,0.258,0.333,0.41,0.744,2018
10,Atlanta,162,5582,759,1433,314,29,175,2330,717,0.257,0.324,0.417,0.742,2018
11,St. Louis,162,5498,759,1369,248,9,205,2250,725,0.249,0.321,0.409,0.73,2018
12,Milwaukee,163,5542,754,1398,252,24,218,2352,711,0.252,0.323,0.424,0.747,2018
13,Minnesota,162,5526,738,1379,317,22,166,2238,704,0.25,0.318,0.405,0.723,2018
14,Texas,162,5453,737,1308,266,24,194,2204,696,0.24,0.318,0.404,0.722,2018
15,LA Angels,162,5472,721,1323,249,23,214,2260,690,0.242,0.313,0.413,0.726,2018
16,Tampa Bay,162,5475,716,1415,274,43,150,2225,664,0.258,0.333,0.406,0.74,2018
17,Toronto,162,5477,709,1336,320,16,217,2339,680,0.244,0.312,0.427,0.739,2018
18,Cincinnati,162,5532,696,1404,251,25,172,2221,665,0.254,0.328,0.401,0.729,2018
19,Arizona,162,5460,693,1283,259,50,176,2170,658,0.235,0.31,0.397,0.707,2018
20,Pittsburgh,161,5447,692,1381,290,38,157,2218,665,0.254,0.317,0.407,0.725,2018
21,Seattle,162,5513,677,1402,256,32,176,2250,644,0.254,0.314,0.408,0.722,2018
22,Philadelphia,162,5424,677,1270,241,30,186,2129,653,0.234,0.314,0.393,0.707,2018
23,NY Mets,162,5468,676,1282,265,34,170,2125,649,0.234,0.312,0.389,0.701,2018
24,Chicago Sox,162,5523,656,1332,259,40,182,2217,639,0.241,0.302,0.401,0.703,2018
25,Kansas City,162,5505,638,1350,283,29,155,2156,606,0.245,0.305,0.392,0.697,2018
26,Detroit,162,5494,630,1326,284,35,135,2085,597,0.241,0.3,0.38,0.68,2018
27,Baltimore,162,5507,622,1317,242,15,188,2153,593,0.239,0.298,0.391,0.689,2018
28,San Diego,162,5486,617,1289,250,30,162,2085,583,0.235,0.297,0.38,0.677,2018
29,San Francisco,162,5541,603,1324,255,30,133,2038,573,0.239,0.3,0.368,0.667,2018
30,Miami,161,5488,589,1303,222,24,128,1957,554,0.237,0.303,0.357,0.659,2018
1,NY Yankees,162,5583,943,1493,290,17,306,2735,904,0.267,0.339,0.49,0.829,2019
2,Minnesota,162,5732,939,1547,318,23,307,2832,906,0.27,0.338,0.494,0.832,2019
3,Houston,162,5613,920,1538,323,28,288,2781,891,0.274,0.352,0.495,0.848,2019
4,Boston,162,5770,901,1554,345,27,245,2688,857,0.269,0.34,0.466,0.806,2019
5,LA Dodgers,162,5493,886,1414,302,20,279,2593,861,0.257,0.338,0.472,0.81,2019
6,Washington,162,5512,873,1460,298,27,231,2505,824,0.265,0.342,0.454,0.796,2019
7,Atlanta,162,5560,855,1432,277,29,249,2514,824,0.258,0.336,0.452,0.789,2019
8,Oakland,162,5561,845,1384,292,23,257,2493,800,0.249,0.327,0.448,0.776,2019
9,Colorado,162,5660,835,1502,323,41,224,2579,803,0.265,0.326,0.456,0.782,2019
10,Chicago Cubs,162,5461,814,1378,270,26,256,2468,783,0.252,0.333,0.452,0.785,2019
11,Arizona,162,5633,813,1419,288,40,220,2447,778,0.252,0.323,0.434,0.757,2019
12,Texas,162,5540,810,1374,296,24,223,2387,765,0.248,0.319,0.431,0.75,2019
13,NY Mets,162,5624,791,1445,280,17,242,2485,767,0.257,0.328,0.442,0.77,2019
14,Philadelphia,162,5571,774,1369,311,26,215,2377,742,0.246,0.319,0.427,0.746,2019
15,LA Angels,162,5542,769,1368,268,21,220,2338,734,0.247,0.324,0.422,0.746,2019
16,Cleveland,162,5425,769,1354,286,18,223,2345,731,0.25,0.323,0.432,0.756,2019
17,Milwaukee,162,5542,769,1366,279,17,250,2429,744,0.246,0.329,0.438,0.767,2019
18,Tampa Bay,162,5628,769,1427,291,29,217,2427,730,0.254,0.325,0.431,0.757,2019
19,St. Louis,162,5449,764,1336,246,24,210,2260,714,0.245,0.324,0.415,0.739,2019
20,Seattle,162,5500,758,1305,254,28,239,2332,730,0.237,0.316,0.424,0.74,2019
21,Pittsburgh,162,5657,758,1497,315,38,163,2377,722,0.265,0.323,0.42,0.743,2019
22,Baltimore,162,5596,729,1379,252,25,213,2320,698,0.246,0.31,0.415,0.725,2019
23,Toronto,162,5493,726,1299,270,21,247,2352,697,0.236,0.305,0.428,0.733,2019
24,Chicago Sox,161,5529,708,1443,260,20,182,2289,676,0.261,0.314,0.414,0.728,2019
25,Cincinnati,162,5450,701,1328,235,27,227,2298,679,0.244,0.317,0.422,0.738,2019
26,Kansas City,162,5496,691,1356,281,40,162,2203,655,0.247,0.309,0.401,0.71,2019
27,San Diego,162,5391,682,1281,224,24,219,2210,652,0.238,0.308,0.41,0.718,2019
28,San Francisco,162,5579,678,1332,300,26,167,2185,655,0.239,0.302,0.392,0.694,2019
29,Miami,162,5512,615,1326,265,18,146,2065,593,0.241,0.298,0.375,0.673,2019
30,Detroit,161,5549,582,1333,292,41,149,2154,556,0.24,0.294,0.388,0.682,2019
